,Partner,Partner ID,Advertiser,Advertiser ID,Insertion Order,Insertion Order ID,Country,Other Insertion Order,Unique Reach: Overlap Total Reach,Unique Reach: Overlap Total Reach %
0,Monks-DV360-Atomic Search Pty Ltd c/o Bupa HI Pty Ltd-10221-AU,5073132,BUPA,5590853.0,Bupa_FIN_Car Insurance - BAU - NEW,1023865413.0,AU,Bupa_FIN_Car Insurance - BAU - NEW,265093,1.0
1,Monks-DV360-Atomic Search Pty Ltd c/o Bupa HI Pty Ltd-10221-AU,5073132,BUPA,5590853.0,Bupa_FIN_Car Insurance - BAU - NEW,1023865413.0,AU,Bupa_FIN_Pet Insurance - BAU,7107,0.03
2,Monks-DV360-Atomic Search Pty Ltd c/o Bupa HI Pty Ltd-10221-AU,5073132,BUPA,5590853.0,Bupa_FIN_Car Insurance - BAU - NEW,1023865413.0,AU,Bupa_HS_Optical - 9+3 Contact Lense - Display,21976,0.08
3,Monks-DV360-Atomic Search Pty Ltd c/o Bupa HI Pty Ltd-10221-AU,5073132,BUPA,5590853.0,Bupa_FIN_Car Insurance - BAU - NEW,1023865413.0,AU,Bupa_HS_Optical - Boxing Day - Display,21398,0.08
4,Monks-DV360-Atomic Search Pty Ltd c/o Bupa HI Pty Ltd-10221-AU,5073132,BUPA,5590853.0,Bupa_FIN_Car Insurance - BAU - NEW,1023865413.0,AU,Bupa_HS_Optical - Stylist - Display,6043,0.02
5,Monks-DV360-Atomic Search Pty Ltd c/o Bupa HI Pty Ltd-10221-AU,5073132,BUPA,5590853.0,Bupa_FIN_Car Insurance - BAU - NEW,1023865413.0,AU,Bupa_HS_Optical - Stylist - Video View,1214,0.0
6,Monks-DV360-Atomic Search Pty Ltd c/o Bupa HI Pty Ltd-10221-AU,5073132,BUPA,5590853.0,Bupa_FIN_Car Insurance - BAU - NEW,1023865413.0,AU,Bupa_PHI_DOM_CNV_Health Insurance_Domestic - Demand Gen - Consideration - Broad,5538,0.02
7,Monks-DV360-Atomic Search Pty Ltd c/o Bupa HI Pty Ltd-10221-AU,5073132,BUPA,5590853.0,Bupa_FIN_Car Insurance - BAU - NEW,1023865413.0,AU,Bupa_PHI_DOM_CNV_Health Insurance_Domestic - Demand Gen - Consideration - Matures,4611,0.02
8,Monks-DV360-Atomic Search Pty Ltd c/o Bupa HI Pty Ltd-10221-AU,5073132,BUPA,5590853.0,Bupa_FIN_Car Insurance - BAU - NEW,1023865413.0,AU,Bupa_PHI_DOM_CNV_Health Insurance_Domestic - Demand Gen - Consideration - YSC,10136,0.04
9,Monks-DV360-Atomic Search Pty Ltd c/o Bupa HI Pty Ltd-10221-AU,5073132,BUPA,5590853.0,Bupa_FIN_Car Insurance - BAU - NEW,1023865413.0,AU,Bupa_PHI_DOM_CNV_Health Insurance_Domestic - YT - Awareness - Broad,3800,0.01
10,Monks-DV360-Atomic Search Pty Ltd c/o Bupa HI Pty Ltd-10221-AU,5073132,BUPA,5590853.0,Bupa_FIN_Car Insurance - BAU - NEW,1023865413.0,AU,Bupa_PHI_DOM_CNV_Health Insurance_Domestic - YT - Awareness - Matures,3485,0.01
11,Monks-DV360-Atomic Search Pty Ltd c/o Bupa HI Pty Ltd-10221-AU,5073132,BUPA,5590853.0,Bupa_FIN_Car Insurance - BAU - NEW,1023865413.0,AU,Bupa_PHI_DOM_CNV_Health Insurance_Domestic - YT - Awareness - YSC,4540,0.02
12,Monks-DV360-Atomic Search Pty Ltd c/o Bupa HI Pty Ltd-10221-AU,5073132,BUPA,5590853.0,Bupa_FIN_Car Insurance - BAU - NEW,1023865413.0,AU,Bupa_PHI_DOM_CNV_Health Insurance_Domestic - YT - Awareness VRC - Broad,5188,0.02
13,Monks-DV360-Atomic Search Pty Ltd c/o Bupa HI Pty Ltd-10221-AU,5073132,BUPA,5590853.0,Bupa_FIN_Car Insurance - BAU - NEW,1023865413.0,AU,Bupa_PHI_DOM_CNV_Health Insurance_Domestic - YT - Awareness VRC - Matures,5835,0.02
14,Monks-DV360-Atomic Search Pty Ltd c/o Bupa HI Pty Ltd-10221-AU,5073132,BUPA,5590853.0,Bupa_FIN_Car Insurance - BAU - NEW,1023865413.0,AU,Bupa_PHI_DOM_CNV_Health Insurance_Domestic - YT - Awareness VRC - YSC,10773,0.04
15,Monks-DV360-Atomic Search Pty Ltd c/o Bupa HI Pty Ltd-10221-AU,5073132,BUPA,5590853.0,Bupa_FIN_Car Insurance - BAU - NEW,1023865413.0,AU,Bupa_PHI_DOM_Domestic - AO - Custom Bidding (Basic Weightage) - PROS,-,
16,Monks-DV360-Atomic Search Pty Ltd c/o Bupa HI Pty Ltd-10221-AU,5073132,BUPA,5590853.0,Bupa_FIN_Car Insurance - BAU - NEW,1023865413.0,AU,Bupa_PHI_DOM_Domestic - AO - Prospecting Premium Inventory - PROS,-,
17,Monks-DV360-Atomic Search Pty Ltd c/o Bupa HI Pty Ltd-10221-AU,5073132,BUPA,5590853.0,Bupa_FIN_Pet Insurance - BAU,13642142.0,AU,Bupa_FIN_Car Insurance - BAU - NEW,7107,0.1
18,Monks-DV360-Atomic Search Pty Ltd c/o Bupa HI Pty Ltd-10221-AU,5073132,BUPA,5590853.0,Bupa_FIN_Pet Insurance - BAU,13642142.0,AU,Bupa_FIN_Pet Insurance - BAU,72256,1.0
19,Monks-DV360-Atomic Search Pty Ltd c/o Bupa HI Pty Ltd-10221-AU,5073132,BUPA,5590853.0,Bupa_FIN_Pet Insurance - BAU,13642142.0,AU,Bupa_HS_Optical - 9+3 Contact Lense - Display,4983,0.07
20,Monks-DV360-Atomic Search Pty Ltd c/o Bupa HI Pty Ltd-10221-AU,5073132,BUPA,5590853.0,Bupa_FIN_Pet Insurance - BAU,13642142.0,AU,Bupa_HS_Optical - Boxing Day - Display,5958,0.08
21,Monks-DV360-Atomic Search Pty Ltd c/o Bupa HI Pty Ltd-10221-AU,5073132,BUPA,5590853.0,Bupa_FIN_Pet Insurance - BAU,13642142.0,AU,Bupa_HS_Optical - Stylist - Display,2926,0.04
22,Monks-DV360-Atomic Search Pty Ltd c/o Bupa HI Pty Ltd-10221-AU,5073132,BUPA,5590853.0,Bupa_FIN_Pet Insurance - BAU,13642142.0,AU,Bupa_HS_Optical - Stylist - Video View,427,0.01
23,Monks-DV360-Atomic Search Pty Ltd c/o Bupa HI Pty Ltd-10221-AU,5073132,BUPA,5590853.0,Bupa_FIN_Pet Insurance - BAU,13642142.0,AU,Bupa_PHI_DOM_CNV_Health Insurance_Domestic - Demand Gen - Consideration - Broad,1489,0.02
24,Monks-DV360-Atomic Search Pty Ltd c/o Bupa HI Pty Ltd-10221-AU,5073132,BUPA,5590853.0,Bupa_FIN_Pet Insurance - BAU,13642142.0,AU,Bupa_PHI_DOM_CNV_Health Insurance_Domestic - Demand Gen - Consideration - Matures,691,0.01
25,Monks-DV360-Atomic Search Pty Ltd c/o Bupa HI Pty Ltd-10221-AU,5073132,BUPA,5590853.0,Bupa_FIN_Pet Insurance - BAU,13642142.0,AU,Bupa_PHI_DOM_CNV_Health Insurance_Domestic - Demand Gen - Consideration - YSC,2118,0.03
26,Monks-DV360-Atomic Search Pty Ltd c/o Bupa HI Pty Ltd-10221-AU,5073132,BUPA,5590853.0,Bupa_FIN_Pet Insurance - BAU,13642142.0,AU,Bupa_PHI_DOM_CNV_Health Insurance_Domestic - YT - Awareness - Broad,451,0.01
27,Monks-DV360-Atomic Search Pty Ltd c/o Bupa HI Pty Ltd-10221-AU,5073132,BUPA,5590853.0,Bupa_FIN_Pet Insurance - BAU,13642142.0,AU,Bupa_PHI_DOM_CNV_Health Insurance_Domestic - YT - Awareness - Matures,1000,0.01
28,Monks-DV360-Atomic Search Pty Ltd c/o Bupa HI Pty Ltd-10221-AU,5073132,BUPA,5590853.0,Bupa_FIN_Pet Insurance - BAU,13642142.0,AU,Bupa_PHI_DOM_CNV_Health Insurance_Domestic - YT - Awareness - YSC,682,0.01
29,Monks-DV360-Atomic Search Pty Ltd c/o Bupa HI Pty Ltd-10221-AU,5073132,BUPA,5590853.0,Bupa_FIN_Pet Insurance - BAU,13642142.0,AU,Bupa_PHI_DOM_CNV_Health Insurance_Domestic - YT - Awareness VRC - Broad,1085,0.02
30,Monks-DV360-Atomic Search Pty Ltd c/o Bupa HI Pty Ltd-10221-AU,5073132,BUPA,5590853.0,Bupa_FIN_Pet Insurance - BAU,13642142.0,AU,Bupa_PHI_DOM_CNV_Health Insurance_Domestic - YT - Awareness VRC - Matures,1309,0.02
31,Monks-DV360-Atomic Search Pty Ltd c/o Bupa HI Pty Ltd-10221-AU,5073132,BUPA,5590853.0,Bupa_FIN_Pet Insurance - BAU,13642142.0,AU,Bupa_PHI_DOM_CNV_Health Insurance_Domestic - YT - Awareness VRC - YSC,999,0.01
32,Monks-DV360-Atomic Search Pty Ltd c/o Bupa HI Pty Ltd-10221-AU,5073132,BUPA,5590853.0,Bupa_FIN_Pet Insurance - BAU,13642142.0,AU,Bupa_PHI_DOM_Domestic - AO - Custom Bidding (Basic Weightage) - PROS,-,
33,Monks-DV360-Atomic Search Pty Ltd c/o Bupa HI Pty Ltd-10221-AU,5073132,BUPA,5590853.0,Bupa_FIN_Pet Insurance - BAU,13642142.0,AU,Bupa_PHI_DOM_Domestic - AO - Prospecting Premium Inventory - PROS,-,
34,Monks-DV360-Atomic Search Pty Ltd c/o Bupa HI Pty Ltd-10221-AU,5073132,BUPA,5590853.0,Bupa_HS_Optical - 9+3 Contact Lense - Display,1024220795.0,AU,Bupa_FIN_Car Insurance - BAU - NEW,21976,0.05
35,Monks-DV360-Atomic Search Pty Ltd c/o Bupa HI Pty Ltd-10221-AU,5073132,BUPA,5590853.0,Bupa_HS_Optical - 9+3 Contact Lense - Display,1024220795.0,AU,Bupa_FIN_Pet Insurance - BAU,4983,0.01
36,Monks-DV360-Atomic Search Pty Ltd c/o Bupa HI Pty Ltd-10221-AU,5073132,BUPA,5590853.0,Bupa_HS_Optical - 9+3 Contact Lense - Display,1024220795.0,AU,Bupa_HS_Optical - 9+3 Contact Lense - Display,467277,1.0
37,Monks-DV360-Atomic Search Pty Ltd c/o Bupa HI Pty Ltd-10221-AU,5073132,BUPA,5590853.0,Bupa_HS_Optical - 9+3 Contact Lense - Display,1024220795.0,AU,Bupa_HS_Optical - Boxing Day - Display,102482,0.22
38,Monks-DV360-Atomic Search Pty Ltd c/o Bupa HI Pty Ltd-10221-AU,5073132,BUPA,5590853.0,Bupa_HS_Optical - 9+3 Contact Lense - Display,1024220795.0,AU,Bupa_HS_Optical - Stylist - Display,28352,0.06
39,Monks-DV360-Atomic Search Pty Ltd c/o Bupa HI Pty Ltd-10221-AU,5073132,BUPA,5590853.0,Bupa_HS_Optical - 9+3 Contact Lense - Display,1024220795.0,AU,Bupa_HS_Optical - Stylist - Video View,2165,0.0
40,Monks-DV360-Atomic Search Pty Ltd c/o Bupa HI Pty Ltd-10221-AU,5073132,BUPA,5590853.0,Bupa_HS_Optical - 9+3 Contact Lense - Display,1024220795.0,AU,Bupa_PHI_DOM_CNV_Health Insurance_Domestic - Demand Gen - Consideration - Broad,13751,0.03
41,Monks-DV360-Atomic Search Pty Ltd c/o Bupa HI Pty Ltd-10221-AU,5073132,BUPA,5590853.0,Bupa_HS_Optical - 9+3 Contact Lense - Display,1024220795.0,AU,Bupa_PHI_DOM_CNV_Health Insurance_Domestic - Demand Gen - Consideration - Matures,9392,0.02
42,Monks-DV360-Atomic Search Pty Ltd c/o Bupa HI Pty Ltd-10221-AU,5073132,BUPA,5590853.0,Bupa_HS_Optical - 9+3 Contact Lense - Display,1024220795.0,AU,Bupa_PHI_DOM_CNV_Health Insurance_Domestic - Demand Gen - Consideration - YSC,20598,0.04
43,Monks-DV360-Atomic Search Pty Ltd c/o Bupa HI Pty Ltd-10221-AU,5073132,BUPA,5590853.0,Bupa_HS_Optical - 9+3 Contact Lense - Display,1024220795.0,AU,Bupa_PHI_DOM_CNV_Health Insurance_Domestic - YT - Awareness - Broad,7380,0.02
44,Monks-DV360-Atomic Search Pty Ltd c/o Bupa HI Pty Ltd-10221-AU,5073132,BUPA,5590853.0,Bupa_HS_Optical - 9+3 Contact Lense - Display,1024220795.0,AU,Bupa_PHI_DOM_CNV_Health Insurance_Domestic - YT - Awareness - Matures,7434,0.02
45,Monks-DV360-Atomic Search Pty Ltd c/o Bupa HI Pty Ltd-10221-AU,5073132,BUPA,5590853.0,Bupa_HS_Optical - 9+3 Contact Lense - Display,1024220795.0,AU,Bupa_PHI_DOM_CNV_Health Insurance_Domestic - YT - Awareness - YSC,9151,0.02
46,Monks-DV360-Atomic Search Pty Ltd c/o Bupa HI Pty Ltd-10221-AU,5073132,BUPA,5590853.0,Bupa_HS_Optical - 9+3 Contact Lense - Display,1024220795.0,AU,Bupa_PHI_DOM_CNV_Health Insurance_Domestic - YT - Awareness VRC - Broad,13125,0.03
47,Monks-DV360-Atomic Search Pty Ltd c/o Bupa HI Pty Ltd-10221-AU,5073132,BUPA,5590853.0,Bupa_HS_Optical - 9+3 Contact Lense - Display,1024220795.0,AU,Bupa_PHI_DOM_CNV_Health Insurance_Domestic - YT - Awareness VRC - Matures,14441,0.03
48,Monks-DV360-Atomic Search Pty Ltd c/o Bupa HI Pty Ltd-10221-AU,5073132,BUPA,5590853.0,Bupa_HS_Optical - 9+3 Contact Lense - Display,1024220795.0,AU,Bupa_PHI_DOM_CNV_Health Insurance_Domestic - YT - Awareness VRC - YSC,20602,0.04
49,Monks-DV360-Atomic Search Pty Ltd c/o Bupa HI Pty Ltd-10221-AU,5073132,BUPA,5590853.0,Bupa_HS_Optical - 9+3 Contact Lense - Display,1024220795.0,AU,Bupa_PHI_DOM_Domestic - AO - Custom Bidding (Basic Weightage) - PROS,-,
50,Monks-DV360-Atomic Search Pty Ltd c/o Bupa HI Pty Ltd-10221-AU,5073132,BUPA,5590853.0,Bupa_HS_Optical - 9+3 Contact Lense - Display,1024220795.0,AU,Bupa_PHI_DOM_Domestic - AO - Prospecting Premium Inventory - PROS,-,
51,Monks-DV360-Atomic Search Pty Ltd c/o Bupa HI Pty Ltd-10221-AU,5073132,BUPA,5590853.0,Bupa_HS_Optical - Boxing Day - Display,1025221441.0,AU,Bupa_FIN_Car Insurance - BAU - NEW,21398,0.05
52,Monks-DV360-Atomic Search Pty Ltd c/o Bupa HI Pty Ltd-10221-AU,5073132,BUPA,5590853.0,Bupa_HS_Optical - Boxing Day - Display,1025221441.0,AU,Bupa_FIN_Pet Insurance - BAU,5958,0.01
53,Monks-DV360-Atomic Search Pty Ltd c/o Bupa HI Pty Ltd-10221-AU,5073132,BUPA,5590853.0,Bupa_HS_Optical - Boxing Day - Display,1025221441.0,AU,Bupa_HS_Optical - 9+3 Contact Lense - Display,102482,0.23
54,Monks-DV360-Atomic Search Pty Ltd c/o Bupa HI Pty Ltd-10221-AU,5073132,BUPA,5590853.0,Bupa_HS_Optical - Boxing Day - Display,1025221441.0,AU,Bupa_HS_Optical - Boxing Day - Display,436999,1.0
55,Monks-DV360-Atomic Search Pty Ltd c/o Bupa HI Pty Ltd-10221-AU,5073132,BUPA,5590853.0,Bupa_HS_Optical - Boxing Day - Display,1025221441.0,AU,Bupa_HS_Optical - Stylist - Display,39927,0.09
56,Monks-DV360-Atomic Search Pty Ltd c/o Bupa HI Pty Ltd-10221-AU,5073132,BUPA,5590853.0,Bupa_HS_Optical - Boxing Day - Display,1025221441.0,AU,Bupa_HS_Optical - Stylist - Video View,2441,0.01
57,Monks-DV360-Atomic Search Pty Ltd c/o Bupa HI Pty Ltd-10221-AU,5073132,BUPA,5590853.0,Bupa_HS_Optical - Boxing Day - Display,1025221441.0,AU,Bupa_PHI_DOM_CNV_Health Insurance_Domestic - Demand Gen - Consideration - Broad,12733,0.03
58,Monks-DV360-Atomic Search Pty Ltd c/o Bupa HI Pty Ltd-10221-AU,5073132,BUPA,5590853.0,Bupa_HS_Optical - Boxing Day - Display,1025221441.0,AU,Bupa_PHI_DOM_CNV_Health Insurance_Domestic - Demand Gen - Consideration - Matures,8137,0.02
59,Monks-DV360-Atomic Search Pty Ltd c/o Bupa HI Pty Ltd-10221-AU,5073132,BUPA,5590853.0,Bupa_HS_Optical - Boxing Day - Display,1025221441.0,AU,Bupa_PHI_DOM_CNV_Health Insurance_Domestic - Demand Gen - Consideration - YSC,17612,0.04
60,Monks-DV360-Atomic Search Pty Ltd c/o Bupa HI Pty Ltd-10221-AU,5073132,BUPA,5590853.0,Bupa_HS_Optical - Boxing Day - Display,1025221441.0,AU,Bupa_PHI_DOM_CNV_Health Insurance_Domestic - YT - Awareness - Broad,7013,0.02
61,Monks-DV360-Atomic Search Pty Ltd c/o Bupa HI Pty Ltd-10221-AU,5073132,BUPA,5590853.0,Bupa_HS_Optical - Boxing Day - Display,1025221441.0,AU,Bupa_PHI_DOM_CNV_Health Insurance_Domestic - YT - Awareness - Matures,5878,0.01
62,Monks-DV360-Atomic Search Pty Ltd c/o Bupa HI Pty Ltd-10221-AU,5073132,BUPA,5590853.0,Bupa_HS_Optical - Boxing Day - Display,1025221441.0,AU,Bupa_PHI_DOM_CNV_Health Insurance_Domestic - YT - Awareness - YSC,9080,0.02
63,Monks-DV360-Atomic Search Pty Ltd c/o Bupa HI Pty Ltd-10221-AU,5073132,BUPA,5590853.0,Bupa_HS_Optical - Boxing Day - Display,1025221441.0,AU,Bupa_PHI_DOM_CNV_Health Insurance_Domestic - YT - Awareness VRC - Broad,13689,0.03
64,Monks-DV360-Atomic Search Pty Ltd c/o Bupa HI Pty Ltd-10221-AU,5073132,BUPA,5590853.0,Bupa_HS_Optical - Boxing Day - Display,1025221441.0,AU,Bupa_PHI_DOM_CNV_Health Insurance_Domestic - YT - Awareness VRC - Matures,13773,0.03
65,Monks-DV360-Atomic Search Pty Ltd c/o Bupa HI Pty Ltd-10221-AU,5073132,BUPA,5590853.0,Bupa_HS_Optical - Boxing Day - Display,1025221441.0,AU,Bupa_PHI_DOM_CNV_Health Insurance_Domestic - YT - Awareness VRC - YSC,15700,0.04
66,Monks-DV360-Atomic Search Pty Ltd c/o Bupa HI Pty Ltd-10221-AU,5073132,BUPA,5590853.0,Bupa_HS_Optical - Boxing Day - Display,1025221441.0,AU,Bupa_PHI_DOM_Domestic - AO - Custom Bidding (Basic Weightage) - PROS,-,
67,Monks-DV360-Atomic Search Pty Ltd c/o Bupa HI Pty Ltd-10221-AU,5073132,BUPA,5590853.0,Bupa_HS_Optical - Boxing Day - Display,1025221441.0,AU,Bupa_PHI_DOM_Domestic - AO - Prospecting Premium Inventory - PROS,-,
68,Monks-DV360-Atomic Search Pty Ltd c/o Bupa HI Pty Ltd-10221-AU,5073132,BUPA,5590853.0,Bupa_HS_Optical - Stylist - Display,1022313055.0,AU,Bupa_FIN_Car Insurance - BAU - NEW,6043,0.06
69,Monks-DV360-Atomic Search Pty Ltd c/o Bupa HI Pty Ltd-10221-AU,5073132,BUPA,5590853.0,Bupa_HS_Optical - Stylist - Display,1022313055.0,AU,Bupa_FIN_Pet Insurance - BAU,2926,0.03
70,Monks-DV360-Atomic Search Pty Ltd c/o Bupa HI Pty Ltd-10221-AU,5073132,BUPA,5590853.0,Bupa_HS_Optical - Stylist - Display,1022313055.0,AU,Bupa_HS_Optical - 9+3 Contact Lense - Display,28352,0.3
71,Monks-DV360-Atomic Search Pty Ltd c/o Bupa HI Pty Ltd-10221-AU,5073132,BUPA,5590853.0,Bupa_HS_Optical - Stylist - Display,1022313055.0,AU,Bupa_HS_Optical - Boxing Day - Display,39927,0.42
72,Monks-DV360-Atomic Search Pty Ltd c/o Bupa HI Pty Ltd-10221-AU,5073132,BUPA,5590853.0,Bupa_HS_Optical - Stylist - Display,1022313055.0,AU,Bupa_HS_Optical - Stylist - Display,94691,1.0
73,Monks-DV360-Atomic Search Pty Ltd c/o Bupa HI Pty Ltd-10221-AU,5073132,BUPA,5590853.0,Bupa_HS_Optical - Stylist - Display,1022313055.0,AU,Bupa_HS_Optical - Stylist - Video View,592,0.01
74,Monks-DV360-Atomic Search Pty Ltd c/o Bupa HI Pty Ltd-10221-AU,5073132,BUPA,5590853.0,Bupa_HS_Optical - Stylist - Display,1022313055.0,AU,Bupa_PHI_DOM_CNV_Health Insurance_Domestic - Demand Gen - Consideration - Broad,3005,0.03
75,Monks-DV360-Atomic Search Pty Ltd c/o Bupa HI Pty Ltd-10221-AU,5073132,BUPA,5590853.0,Bupa_HS_Optical - Stylist - Display,1022313055.0,AU,Bupa_PHI_DOM_CNV_Health Insurance_Domestic - Demand Gen - Consideration - Matures,2392,0.03
76,Monks-DV360-Atomic Search Pty Ltd c/o Bupa HI Pty Ltd-10221-AU,5073132,BUPA,5590853.0,Bupa_HS_Optical - Stylist - Display,1022313055.0,AU,Bupa_PHI_DOM_CNV_Health Insurance_Domestic - Demand Gen - Consideration - YSC,4449,0.05
77,Monks-DV360-Atomic Search Pty Ltd c/o Bupa HI Pty Ltd-10221-AU,5073132,BUPA,5590853.0,Bupa_HS_Optical - Stylist - Display,1022313055.0,AU,Bupa_PHI_DOM_CNV_Health Insurance_Domestic - YT - Awareness - Broad,2708,0.03
78,Monks-DV360-Atomic Search Pty Ltd c/o Bupa HI Pty Ltd-10221-AU,5073132,BUPA,5590853.0,Bupa_HS_Optical - Stylist - Display,1022313055.0,AU,Bupa_PHI_DOM_CNV_Health Insurance_Domestic - YT - Awareness - Matures,1565,0.02
79,Monks-DV360-Atomic Search Pty Ltd c/o Bupa HI Pty Ltd-10221-AU,5073132,BUPA,5590853.0,Bupa_HS_Optical - Stylist - Display,1022313055.0,AU,Bupa_PHI_DOM_CNV_Health Insurance_Domestic - YT - Awareness - YSC,2467,0.03
80,Monks-DV360-Atomic Search Pty Ltd c/o Bupa HI Pty Ltd-10221-AU,5073132,BUPA,5590853.0,Bupa_HS_Optical - Stylist - Display,1022313055.0,AU,Bupa_PHI_DOM_CNV_Health Insurance_Domestic - YT - Awareness VRC - Broad,3885,0.04
81,Monks-DV360-Atomic Search Pty Ltd c/o Bupa HI Pty Ltd-10221-AU,5073132,BUPA,5590853.0,Bupa_HS_Optical - Stylist - Display,1022313055.0,AU,Bupa_PHI_DOM_CNV_Health Insurance_Domestic - YT - Awareness VRC - Matures,3647,0.04
82,Monks-DV360-Atomic Search Pty Ltd c/o Bupa HI Pty Ltd-10221-AU,5073132,BUPA,5590853.0,Bupa_HS_Optical - Stylist - Display,1022313055.0,AU,Bupa_PHI_DOM_CNV_Health Insurance_Domestic - YT - Awareness VRC - YSC,4771,0.05
83,Monks-DV360-Atomic Search Pty Ltd c/o Bupa HI Pty Ltd-10221-AU,5073132,BUPA,5590853.0,Bupa_HS_Optical - Stylist - Display,1022313055.0,AU,Bupa_PHI_DOM_Domestic - AO - Custom Bidding (Basic Weightage) - PROS,-,
84,Monks-DV360-Atomic Search Pty Ltd c/o Bupa HI Pty Ltd-10221-AU,5073132,BUPA,5590853.0,Bupa_HS_Optical - Stylist - Display,1022313055.0,AU,Bupa_PHI_DOM_Domestic - AO - Prospecting Premium Inventory - PROS,-,
85,Monks-DV360-Atomic Search Pty Ltd c/o Bupa HI Pty Ltd-10221-AU,5073132,BUPA,5590853.0,Bupa_HS_Optical - Stylist - Video View,1021961589.0,AU,Bupa_FIN_Car Insurance - BAU - NEW,1214,0.03
86,Monks-DV360-Atomic Search Pty Ltd c/o Bupa HI Pty Ltd-10221-AU,5073132,BUPA,5590853.0,Bupa_HS_Optical - Stylist - Video View,1021961589.0,AU,Bupa_FIN_Pet Insurance - BAU,427,0.01
87,Monks-DV360-Atomic Search Pty Ltd c/o Bupa HI Pty Ltd-10221-AU,5073132,BUPA,5590853.0,Bupa_HS_Optical - Stylist - Video View,1021961589.0,AU,Bupa_HS_Optical - 9+3 Contact Lense - Display,2165,0.05
88,Monks-DV360-Atomic Search Pty Ltd c/o Bupa HI Pty Ltd-10221-AU,5073132,BUPA,5590853.0,Bupa_HS_Optical - Stylist - Video View,1021961589.0,AU,Bupa_HS_Optical - Boxing Day - Display,2441,0.05
89,Monks-DV360-Atomic Search Pty Ltd c/o Bupa HI Pty Ltd-10221-AU,5073132,BUPA,5590853.0,Bupa_HS_Optical - Stylist - Video View,1021961589.0,AU,Bupa_HS_Optical - Stylist - Display,592,0.01
90,Monks-DV360-Atomic Search Pty Ltd c/o Bupa HI Pty Ltd-10221-AU,5073132,BUPA,5590853.0,Bupa_HS_Optical - Stylist - Video View,1021961589.0,AU,Bupa_HS_Optical - Stylist - Video View,45413,1.0
91,Monks-DV360-Atomic Search Pty Ltd c/o Bupa HI Pty Ltd-10221-AU,5073132,BUPA,5590853.0,Bupa_HS_Optical - Stylist - Video View,1021961589.0,AU,Bupa_PHI_DOM_CNV_Health Insurance_Domestic - Demand Gen - Consideration - Broad,8332,0.18
92,Monks-DV360-Atomic Search Pty Ltd c/o Bupa HI Pty Ltd-10221-AU,5073132,BUPA,5590853.0,Bupa_HS_Optical - Stylist - Video View,1021961589.0,AU,Bupa_PHI_DOM_CNV_Health Insurance_Domestic - Demand Gen - Consideration - Matures,4562,0.1
93,Monks-DV360-Atomic Search Pty Ltd c/o Bupa HI Pty Ltd-10221-AU,5073132,BUPA,5590853.0,Bupa_HS_Optical - Stylist - Video View,1021961589.0,AU,Bupa_PHI_DOM_CNV_Health Insurance_Domestic - Demand Gen - Consideration - YSC,8188,0.18
94,Monks-DV360-Atomic Search Pty Ltd c/o Bupa HI Pty Ltd-10221-AU,5073132,BUPA,5590853.0,Bupa_HS_Optical - Stylist - Video View,1021961589.0,AU,Bupa_PHI_DOM_CNV_Health Insurance_Domestic - YT - Awareness - Broad,4973,0.11
95,Monks-DV360-Atomic Search Pty Ltd c/o Bupa HI Pty Ltd-10221-AU,5073132,BUPA,5590853.0,Bupa_HS_Optical - Stylist - Video View,1021961589.0,AU,Bupa_PHI_DOM_CNV_Health Insurance_Domestic - YT - Awareness - Matures,5002,0.11
96,Monks-DV360-Atomic Search Pty Ltd c/o Bupa HI Pty Ltd-10221-AU,5073132,BUPA,5590853.0,Bupa_HS_Optical - Stylist - Video View,1021961589.0,AU,Bupa_PHI_DOM_CNV_Health Insurance_Domestic - YT - Awareness - YSC,5129,0.11
97,Monks-DV360-Atomic Search Pty Ltd c/o Bupa HI Pty Ltd-10221-AU,5073132,BUPA,5590853.0,Bupa_HS_Optical - Stylist - Video View,1021961589.0,AU,Bupa_PHI_DOM_CNV_Health Insurance_Domestic - YT - Awareness VRC - Broad,4131,0.09
98,Monks-DV360-Atomic Search Pty Ltd c/o Bupa HI Pty Ltd-10221-AU,5073132,BUPA,5590853.0,Bupa_HS_Optical - Stylist - Video View,1021961589.0,AU,Bupa_PHI_DOM_CNV_Health Insurance_Domestic - YT - Awareness VRC - Matures,4034,0.09
99,Monks-DV360-Atomic Search Pty Ltd c/o Bupa HI Pty Ltd-10221-AU,5073132,BUPA,5590853.0,Bupa_HS_Optical - Stylist - Video View,1021961589.0,AU,Bupa_PHI_DOM_CNV_Health Insurance_Domestic - YT - Awareness VRC - YSC,7051,0.16
100,Monks-DV360-Atomic Search Pty Ltd c/o Bupa HI Pty Ltd-10221-AU,5073132,BUPA,5590853.0,Bupa_HS_Optical - Stylist - Video View,1021961589.0,AU,Bupa_PHI_DOM_Domestic - AO - Custom Bidding (Basic Weightage) - PROS,-,
101,Monks-DV360-Atomic Search Pty Ltd c/o Bupa HI Pty Ltd-10221-AU,5073132,BUPA,5590853.0,Bupa_HS_Optical - Stylist - Video View,1021961589.0,AU,Bupa_PHI_DOM_Domestic - AO - Prospecting Premium Inventory - PROS,-,
102,Monks-DV360-Atomic Search Pty Ltd c/o Bupa HI Pty Ltd-10221-AU,5073132,BUPA,5590853.0,Bupa_PHI_DOM_CNV_Health Insurance_Domestic - Demand Gen - Consideration - Broad,1020791019.0,AU,Bupa_FIN_Car Insurance - BAU - NEW,5538,0.01
103,Monks-DV360-Atomic Search Pty Ltd c/o Bupa HI Pty Ltd-10221-AU,5073132,BUPA,5590853.0,Bupa_PHI_DOM_CNV_Health Insurance_Domestic - Demand Gen - Consideration - Broad,1020791019.0,AU,Bupa_FIN_Pet Insurance - BAU,1489,0.0
104,Monks-DV360-Atomic Search Pty Ltd c/o Bupa HI Pty Ltd-10221-AU,5073132,BUPA,5590853.0,Bupa_PHI_DOM_CNV_Health Insurance_Domestic - Demand Gen - Consideration - Broad,1020791019.0,AU,Bupa_HS_Optical - 9+3 Contact Lense - Display,13751,0.04
105,Monks-DV360-Atomic Search Pty Ltd c/o Bupa HI Pty Ltd-10221-AU,5073132,BUPA,5590853.0,Bupa_PHI_DOM_CNV_Health Insurance_Domestic - Demand Gen - Consideration - Broad,1020791019.0,AU,Bupa_HS_Optical - Boxing Day - Display,12733,0.03
106,Monks-DV360-Atomic Search Pty Ltd c/o Bupa HI Pty Ltd-10221-AU,5073132,BUPA,5590853.0,Bupa_PHI_DOM_CNV_Health Insurance_Domestic - Demand Gen - Consideration - Broad,1020791019.0,AU,Bupa_HS_Optical - Stylist - Display,3005,0.01
107,Monks-DV360-Atomic Search Pty Ltd c/o Bupa HI Pty Ltd-10221-AU,5073132,BUPA,5590853.0,Bupa_PHI_DOM_CNV_Health Insurance_Domestic - Demand Gen - Consideration - Broad,1020791019.0,AU,Bupa_HS_Optical - Stylist - Video View,8332,0.02
108,Monks-DV360-Atomic Search Pty Ltd c/o Bupa HI Pty Ltd-10221-AU,5073132,BUPA,5590853.0,Bupa_PHI_DOM_CNV_Health Insurance_Domestic - Demand Gen - Consideration - Broad,1020791019.0,AU,Bupa_PHI_DOM_CNV_Health Insurance_Domestic - Demand Gen - Consideration - Broad,374467,1.0
109,Monks-DV360-Atomic Search Pty Ltd c/o Bupa HI Pty Ltd-10221-AU,5073132,BUPA,5590853.0,Bupa_PHI_DOM_CNV_Health Insurance_Domestic - Demand Gen - Consideration - Broad,1020791019.0,AU,Bupa_PHI_DOM_CNV_Health Insurance_Domestic - Demand Gen - Consideration - Matures,96942,0.26
110,Monks-DV360-Atomic Search Pty Ltd c/o Bupa HI Pty Ltd-10221-AU,5073132,BUPA,5590853.0,Bupa_PHI_DOM_CNV_Health Insurance_Domestic - Demand Gen - Consideration - Broad,1020791019.0,AU,Bupa_PHI_DOM_CNV_Health Insurance_Domestic - Demand Gen - Consideration - YSC,146452,0.39
111,Monks-DV360-Atomic Search Pty Ltd c/o Bupa HI Pty Ltd-10221-AU,5073132,BUPA,5590853.0,Bupa_PHI_DOM_CNV_Health Insurance_Domestic - Demand Gen - Consideration - Broad,1020791019.0,AU,Bupa_PHI_DOM_CNV_Health Insurance_Domestic - YT - Awareness - Broad,26209,0.07
112,Monks-DV360-Atomic Search Pty Ltd c/o Bupa HI Pty Ltd-10221-AU,5073132,BUPA,5590853.0,Bupa_PHI_DOM_CNV_Health Insurance_Domestic - Demand Gen - Consideration - Broad,1020791019.0,AU,Bupa_PHI_DOM_CNV_Health Insurance_Domestic - YT - Awareness - Matures,22733,0.06
113,Monks-DV360-Atomic Search Pty Ltd c/o Bupa HI Pty Ltd-10221-AU,5073132,BUPA,5590853.0,Bupa_PHI_DOM_CNV_Health Insurance_Domestic - Demand Gen - Consideration - Broad,1020791019.0,AU,Bupa_PHI_DOM_CNV_Health Insurance_Domestic - YT - Awareness - YSC,30564,0.08
114,Monks-DV360-Atomic Search Pty Ltd c/o Bupa HI Pty Ltd-10221-AU,5073132,BUPA,5590853.0,Bupa_PHI_DOM_CNV_Health Insurance_Domestic - Demand Gen - Consideration - Broad,1020791019.0,AU,Bupa_PHI_DOM_CNV_Health Insurance_Domestic - YT - Awareness VRC - Broad,24909,0.07
115,Monks-DV360-Atomic Search Pty Ltd c/o Bupa HI Pty Ltd-10221-AU,5073132,BUPA,5590853.0,Bupa_PHI_DOM_CNV_Health Insurance_Domestic - Demand Gen - Consideration - Broad,1020791019.0,AU,Bupa_PHI_DOM_CNV_Health Insurance_Domestic - YT - Awareness VRC - Matures,21862,0.06
116,Monks-DV360-Atomic Search Pty Ltd c/o Bupa HI Pty Ltd-10221-AU,5073132,BUPA,5590853.0,Bupa_PHI_DOM_CNV_Health Insurance_Domestic - Demand Gen - Consideration - Broad,1020791019.0,AU,Bupa_PHI_DOM_CNV_Health Insurance_Domestic - YT - Awareness VRC - YSC,46073,0.12
117,Monks-DV360-Atomic Search Pty Ltd c/o Bupa HI Pty Ltd-10221-AU,5073132,BUPA,5590853.0,Bupa_PHI_DOM_CNV_Health Insurance_Domestic - Demand Gen - Consideration - Broad,1020791019.0,AU,Bupa_PHI_DOM_Domestic - AO - Custom Bidding (Basic Weightage) - PROS,-,
118,Monks-DV360-Atomic Search Pty Ltd c/o Bupa HI Pty Ltd-10221-AU,5073132,BUPA,5590853.0,Bupa_PHI_DOM_CNV_Health Insurance_Domestic - Demand Gen - Consideration - Broad,1020791019.0,AU,Bupa_PHI_DOM_Domestic - AO - Prospecting Premium Inventory - PROS,-,
119,Monks-DV360-Atomic Search Pty Ltd c/o Bupa HI Pty Ltd-10221-AU,5073132,BUPA,5590853.0,Bupa_PHI_DOM_CNV_Health Insurance_Domestic - Demand Gen - Consideration - Matures,1021125685.0,AU,Bupa_FIN_Car Insurance - BAU - NEW,4611,0.02
120,Monks-DV360-Atomic Search Pty Ltd c/o Bupa HI Pty Ltd-10221-AU,5073132,BUPA,5590853.0,Bupa_PHI_DOM_CNV_Health Insurance_Domestic - Demand Gen - Consideration - Matures,1021125685.0,AU,Bupa_FIN_Pet Insurance - BAU,691,0.0
121,Monks-DV360-Atomic Search Pty Ltd c/o Bupa HI Pty Ltd-10221-AU,5073132,BUPA,5590853.0,Bupa_PHI_DOM_CNV_Health Insurance_Domestic - Demand Gen - Consideration - Matures,1021125685.0,AU,Bupa_HS_Optical - 9+3 Contact Lense - Display,9392,0.04
122,Monks-DV360-Atomic Search Pty Ltd c/o Bupa HI Pty Ltd-10221-AU,5073132,BUPA,5590853.0,Bupa_PHI_DOM_CNV_Health Insurance_Domestic - Demand Gen - Consideration - Matures,1021125685.0,AU,Bupa_HS_Optical - Boxing Day - Display,8137,0.03
123,Monks-DV360-Atomic Search Pty Ltd c/o Bupa HI Pty Ltd-10221-AU,5073132,BUPA,5590853.0,Bupa_PHI_DOM_CNV_Health Insurance_Domestic - Demand Gen - Consideration - Matures,1021125685.0,AU,Bupa_HS_Optical - Stylist - Display,2392,0.01
124,Monks-DV360-Atomic Search Pty Ltd c/o Bupa HI Pty Ltd-10221-AU,5073132,BUPA,5590853.0,Bupa_PHI_DOM_CNV_Health Insurance_Domestic - Demand Gen - Consideration - Matures,1021125685.0,AU,Bupa_HS_Optical - Stylist - Video View,4562,0.02
125,Monks-DV360-Atomic Search Pty Ltd c/o Bupa HI Pty Ltd-10221-AU,5073132,BUPA,5590853.0,Bupa_PHI_DOM_CNV_Health Insurance_Domestic - Demand Gen - Consideration - Matures,1021125685.0,AU,Bupa_PHI_DOM_CNV_Health Insurance_Domestic - Demand Gen - Consideration - Broad,96942,0.41
126,Monks-DV360-Atomic Search Pty Ltd c/o Bupa HI Pty Ltd-10221-AU,5073132,BUPA,5590853.0,Bupa_PHI_DOM_CNV_Health Insurance_Domestic - Demand Gen - Consideration - Matures,1021125685.0,AU,Bupa_PHI_DOM_CNV_Health Insurance_Domestic - Demand Gen - Consideration - Matures,236629,1.0
127,Monks-DV360-Atomic Search Pty Ltd c/o Bupa HI Pty Ltd-10221-AU,5073132,BUPA,5590853.0,Bupa_PHI_DOM_CNV_Health Insurance_Domestic - Demand Gen - Consideration - Matures,1021125685.0,AU,Bupa_PHI_DOM_CNV_Health Insurance_Domestic - Demand Gen - Consideration - YSC,105845,0.45
128,Monks-DV360-Atomic Search Pty Ltd c/o Bupa HI Pty Ltd-10221-AU,5073132,BUPA,5590853.0,Bupa_PHI_DOM_CNV_Health Insurance_Domestic - Demand Gen - Consideration - Matures,1021125685.0,AU,Bupa_PHI_DOM_CNV_Health Insurance_Domestic - YT - Awareness - Broad,14485,0.06
129,Monks-DV360-Atomic Search Pty Ltd c/o Bupa HI Pty Ltd-10221-AU,5073132,BUPA,5590853.0,Bupa_PHI_DOM_CNV_Health Insurance_Domestic - Demand Gen - Consideration - Matures,1021125685.0,AU,Bupa_PHI_DOM_CNV_Health Insurance_Domestic - YT - Awareness - Matures,14030,0.06
130,Monks-DV360-Atomic Search Pty Ltd c/o Bupa HI Pty Ltd-10221-AU,5073132,BUPA,5590853.0,Bupa_PHI_DOM_CNV_Health Insurance_Domestic - Demand Gen - Consideration - Matures,1021125685.0,AU,Bupa_PHI_DOM_CNV_Health Insurance_Domestic - YT - Awareness - YSC,18124,0.08
131,Monks-DV360-Atomic Search Pty Ltd c/o Bupa HI Pty Ltd-10221-AU,5073132,BUPA,5590853.0,Bupa_PHI_DOM_CNV_Health Insurance_Domestic - Demand Gen - Consideration - Matures,1021125685.0,AU,Bupa_PHI_DOM_CNV_Health Insurance_Domestic - YT - Awareness VRC - Broad,14499,0.06
132,Monks-DV360-Atomic Search Pty Ltd c/o Bupa HI Pty Ltd-10221-AU,5073132,BUPA,5590853.0,Bupa_PHI_DOM_CNV_Health Insurance_Domestic - Demand Gen - Consideration - Matures,1021125685.0,AU,Bupa_PHI_DOM_CNV_Health Insurance_Domestic - YT - Awareness VRC - Matures,13811,0.06
133,Monks-DV360-Atomic Search Pty Ltd c/o Bupa HI Pty Ltd-10221-AU,5073132,BUPA,5590853.0,Bupa_PHI_DOM_CNV_Health Insurance_Domestic - Demand Gen - Consideration - Matures,1021125685.0,AU,Bupa_PHI_DOM_CNV_Health Insurance_Domestic - YT - Awareness VRC - YSC,25452,0.11
134,Monks-DV360-Atomic Search Pty Ltd c/o Bupa HI Pty Ltd-10221-AU,5073132,BUPA,5590853.0,Bupa_PHI_DOM_CNV_Health Insurance_Domestic - Demand Gen - Consideration - Matures,1021125685.0,AU,Bupa_PHI_DOM_Domestic - AO - Custom Bidding (Basic Weightage) - PROS,-,
135,Monks-DV360-Atomic Search Pty Ltd c/o Bupa HI Pty Ltd-10221-AU,5073132,BUPA,5590853.0,Bupa_PHI_DOM_CNV_Health Insurance_Domestic - Demand Gen - Consideration - Matures,1021125685.0,AU,Bupa_PHI_DOM_Domestic - AO - Prospecting Premium Inventory - PROS,-,
136,Monks-DV360-Atomic Search Pty Ltd c/o Bupa HI Pty Ltd-10221-AU,5073132,BUPA,5590853.0,Bupa_PHI_DOM_CNV_Health Insurance_Domestic - Demand Gen - Consideration - YSC,1020791898.0,AU,Bupa_FIN_Car Insurance - BAU - NEW,10136,0.02
137,Monks-DV360-Atomic Search Pty Ltd c/o Bupa HI Pty Ltd-10221-AU,5073132,BUPA,5590853.0,Bupa_PHI_DOM_CNV_Health Insurance_Domestic - Demand Gen - Consideration - YSC,1020791898.0,AU,Bupa_FIN_Pet Insurance - BAU,2118,0.0
138,Monks-DV360-Atomic Search Pty Ltd c/o Bupa HI Pty Ltd-10221-AU,5073132,BUPA,5590853.0,Bupa_PHI_DOM_CNV_Health Insurance_Domestic - Demand Gen - Consideration - YSC,1020791898.0,AU,Bupa_HS_Optical - 9+3 Contact Lense - Display,20598,0.04
139,Monks-DV360-Atomic Search Pty Ltd c/o Bupa HI Pty Ltd-10221-AU,5073132,BUPA,5590853.0,Bupa_PHI_DOM_CNV_Health Insurance_Domestic - Demand Gen - Consideration - YSC,1020791898.0,AU,Bupa_HS_Optical - Boxing Day - Display,17612,0.03
140,Monks-DV360-Atomic Search Pty Ltd c/o Bupa HI Pty Ltd-10221-AU,5073132,BUPA,5590853.0,Bupa_PHI_DOM_CNV_Health Insurance_Domestic - Demand Gen - Consideration - YSC,1020791898.0,AU,Bupa_HS_Optical - Stylist - Display,4449,0.01
141,Monks-DV360-Atomic Search Pty Ltd c/o Bupa HI Pty Ltd-10221-AU,5073132,BUPA,5590853.0,Bupa_PHI_DOM_CNV_Health Insurance_Domestic - Demand Gen - Consideration - YSC,1020791898.0,AU,Bupa_HS_Optical - Stylist - Video View,8188,0.01
142,Monks-DV360-Atomic Search Pty Ltd c/o Bupa HI Pty Ltd-10221-AU,5073132,BUPA,5590853.0,Bupa_PHI_DOM_CNV_Health Insurance_Domestic - Demand Gen - Consideration - YSC,1020791898.0,AU,Bupa_PHI_DOM_CNV_Health Insurance_Domestic - Demand Gen - Consideration - Broad,146452,0.26
143,Monks-DV360-Atomic Search Pty Ltd c/o Bupa HI Pty Ltd-10221-AU,5073132,BUPA,5590853.0,Bupa_PHI_DOM_CNV_Health Insurance_Domestic - Demand Gen - Consideration - YSC,1020791898.0,AU,Bupa_PHI_DOM_CNV_Health Insurance_Domestic - Demand Gen - Consideration - Matures,105845,0.18
144,Monks-DV360-Atomic Search Pty Ltd c/o Bupa HI Pty Ltd-10221-AU,5073132,BUPA,5590853.0,Bupa_PHI_DOM_CNV_Health Insurance_Domestic - Demand Gen - Consideration - YSC,1020791898.0,AU,Bupa_PHI_DOM_CNV_Health Insurance_Domestic - Demand Gen - Consideration - YSC,573120,1.0
145,Monks-DV360-Atomic Search Pty Ltd c/o Bupa HI Pty Ltd-10221-AU,5073132,BUPA,5590853.0,Bupa_PHI_DOM_CNV_Health Insurance_Domestic - Demand Gen - Consideration - YSC,1020791898.0,AU,Bupa_PHI_DOM_CNV_Health Insurance_Domestic - YT - Awareness - Broad,33815,0.06
146,Monks-DV360-Atomic Search Pty Ltd c/o Bupa HI Pty Ltd-10221-AU,5073132,BUPA,5590853.0,Bupa_PHI_DOM_CNV_Health Insurance_Domestic - Demand Gen - Consideration - YSC,1020791898.0,AU,Bupa_PHI_DOM_CNV_Health Insurance_Domestic - YT - Awareness - Matures,24801,0.04
147,Monks-DV360-Atomic Search Pty Ltd c/o Bupa HI Pty Ltd-10221-AU,5073132,BUPA,5590853.0,Bupa_PHI_DOM_CNV_Health Insurance_Domestic - Demand Gen - Consideration - YSC,1020791898.0,AU,Bupa_PHI_DOM_CNV_Health Insurance_Domestic - YT - Awareness - YSC,37745,0.07
148,Monks-DV360-Atomic Search Pty Ltd c/o Bupa HI Pty Ltd-10221-AU,5073132,BUPA,5590853.0,Bupa_PHI_DOM_CNV_Health Insurance_Domestic - Demand Gen - Consideration - YSC,1020791898.0,AU,Bupa_PHI_DOM_CNV_Health Insurance_Domestic - YT - Awareness VRC - Broad,31638,0.06
149,Monks-DV360-Atomic Search Pty Ltd c/o Bupa HI Pty Ltd-10221-AU,5073132,BUPA,5590853.0,Bupa_PHI_DOM_CNV_Health Insurance_Domestic - Demand Gen - Consideration - YSC,1020791898.0,AU,Bupa_PHI_DOM_CNV_Health Insurance_Domestic - YT - Awareness VRC - Matures,30259,0.05
150,Monks-DV360-Atomic Search Pty Ltd c/o Bupa HI Pty Ltd-10221-AU,5073132,BUPA,5590853.0,Bupa_PHI_DOM_CNV_Health Insurance_Domestic - Demand Gen - Consideration - YSC,1020791898.0,AU,Bupa_PHI_DOM_CNV_Health Insurance_Domestic - YT - Awareness VRC - YSC,52787,0.09
151,Monks-DV360-Atomic Search Pty Ltd c/o Bupa HI Pty Ltd-10221-AU,5073132,BUPA,5590853.0,Bupa_PHI_DOM_CNV_Health Insurance_Domestic - Demand Gen - Consideration - YSC,1020791898.0,AU,Bupa_PHI_DOM_Domestic - AO - Custom Bidding (Basic Weightage) - PROS,-,
152,Monks-DV360-Atomic Search Pty Ltd c/o Bupa HI Pty Ltd-10221-AU,5073132,BUPA,5590853.0,Bupa_PHI_DOM_CNV_Health Insurance_Domestic - Demand Gen - Consideration - YSC,1020791898.0,AU,Bupa_PHI_DOM_Domestic - AO - Prospecting Premium Inventory - PROS,-,
153,Monks-DV360-Atomic Search Pty Ltd c/o Bupa HI Pty Ltd-10221-AU,5073132,BUPA,5590853.0,Bupa_PHI_DOM_CNV_Health Insurance_Domestic - YT - Awareness - Broad,1015533706.0,AU,Bupa_FIN_Car Insurance - BAU - NEW,3800,0.02
154,Monks-DV360-Atomic Search Pty Ltd c/o Bupa HI Pty Ltd-10221-AU,5073132,BUPA,5590853.0,Bupa_PHI_DOM_CNV_Health Insurance_Domestic - YT - Awareness - Broad,1015533706.0,AU,Bupa_FIN_Pet Insurance - BAU,451,0.0
155,Monks-DV360-Atomic Search Pty Ltd c/o Bupa HI Pty Ltd-10221-AU,5073132,BUPA,5590853.0,Bupa_PHI_DOM_CNV_Health Insurance_Domestic - YT - Awareness - Broad,1015533706.0,AU,Bupa_HS_Optical - 9+3 Contact Lense - Display,7380,0.04
156,Monks-DV360-Atomic Search Pty Ltd c/o Bupa HI Pty Ltd-10221-AU,5073132,BUPA,5590853.0,Bupa_PHI_DOM_CNV_Health Insurance_Domestic - YT - Awareness - Broad,1015533706.0,AU,Bupa_HS_Optical - Boxing Day - Display,7013,0.04
157,Monks-DV360-Atomic Search Pty Ltd c/o Bupa HI Pty Ltd-10221-AU,5073132,BUPA,5590853.0,Bupa_PHI_DOM_CNV_Health Insurance_Domestic - YT - Awareness - Broad,1015533706.0,AU,Bupa_HS_Optical - Stylist - Display,2708,0.01
158,Monks-DV360-Atomic Search Pty Ltd c/o Bupa HI Pty Ltd-10221-AU,5073132,BUPA,5590853.0,Bupa_PHI_DOM_CNV_Health Insurance_Domestic - YT - Awareness - Broad,1015533706.0,AU,Bupa_HS_Optical - Stylist - Video View,4973,0.03
159,Monks-DV360-Atomic Search Pty Ltd c/o Bupa HI Pty Ltd-10221-AU,5073132,BUPA,5590853.0,Bupa_PHI_DOM_CNV_Health Insurance_Domestic - YT - Awareness - Broad,1015533706.0,AU,Bupa_PHI_DOM_CNV_Health Insurance_Domestic - Demand Gen - Consideration - Broad,26209,0.14
160,Monks-DV360-Atomic Search Pty Ltd c/o Bupa HI Pty Ltd-10221-AU,5073132,BUPA,5590853.0,Bupa_PHI_DOM_CNV_Health Insurance_Domestic - YT - Awareness - Broad,1015533706.0,AU,Bupa_PHI_DOM_CNV_Health Insurance_Domestic - Demand Gen - Consideration - Matures,14485,0.08
161,Monks-DV360-Atomic Search Pty Ltd c/o Bupa HI Pty Ltd-10221-AU,5073132,BUPA,5590853.0,Bupa_PHI_DOM_CNV_Health Insurance_Domestic - YT - Awareness - Broad,1015533706.0,AU,Bupa_PHI_DOM_CNV_Health Insurance_Domestic - Demand Gen - Consideration - YSC,33815,0.18
162,Monks-DV360-Atomic Search Pty Ltd c/o Bupa HI Pty Ltd-10221-AU,5073132,BUPA,5590853.0,Bupa_PHI_DOM_CNV_Health Insurance_Domestic - YT - Awareness - Broad,1015533706.0,AU,Bupa_PHI_DOM_CNV_Health Insurance_Domestic - YT - Awareness - Broad,183933,1.0
163,Monks-DV360-Atomic Search Pty Ltd c/o Bupa HI Pty Ltd-10221-AU,5073132,BUPA,5590853.0,Bupa_PHI_DOM_CNV_Health Insurance_Domestic - YT - Awareness - Broad,1015533706.0,AU,Bupa_PHI_DOM_CNV_Health Insurance_Domestic - YT - Awareness - Matures,15168,0.08
164,Monks-DV360-Atomic Search Pty Ltd c/o Bupa HI Pty Ltd-10221-AU,5073132,BUPA,5590853.0,Bupa_PHI_DOM_CNV_Health Insurance_Domestic - YT - Awareness - Broad,1015533706.0,AU,Bupa_PHI_DOM_CNV_Health Insurance_Domestic - YT - Awareness - YSC,18912,0.1
165,Monks-DV360-Atomic Search Pty Ltd c/o Bupa HI Pty Ltd-10221-AU,5073132,BUPA,5590853.0,Bupa_PHI_DOM_CNV_Health Insurance_Domestic - YT - Awareness - Broad,1015533706.0,AU,Bupa_PHI_DOM_CNV_Health Insurance_Domestic - YT - Awareness VRC - Broad,22316,0.12
166,Monks-DV360-Atomic Search Pty Ltd c/o Bupa HI Pty Ltd-10221-AU,5073132,BUPA,5590853.0,Bupa_PHI_DOM_CNV_Health Insurance_Domestic - YT - Awareness - Broad,1015533706.0,AU,Bupa_PHI_DOM_CNV_Health Insurance_Domestic - YT - Awareness VRC - Matures,14921,0.08
167,Monks-DV360-Atomic Search Pty Ltd c/o Bupa HI Pty Ltd-10221-AU,5073132,BUPA,5590853.0,Bupa_PHI_DOM_CNV_Health Insurance_Domestic - YT - Awareness - Broad,1015533706.0,AU,Bupa_PHI_DOM_CNV_Health Insurance_Domestic - YT - Awareness VRC - YSC,21178,0.12
168,Monks-DV360-Atomic Search Pty Ltd c/o Bupa HI Pty Ltd-10221-AU,5073132,BUPA,5590853.0,Bupa_PHI_DOM_CNV_Health Insurance_Domestic - YT - Awareness - Broad,1015533706.0,AU,Bupa_PHI_DOM_Domestic - AO - Custom Bidding (Basic Weightage) - PROS,-,
169,Monks-DV360-Atomic Search Pty Ltd c/o Bupa HI Pty Ltd-10221-AU,5073132,BUPA,5590853.0,Bupa_PHI_DOM_CNV_Health Insurance_Domestic - YT - Awareness - Broad,1015533706.0,AU,Bupa_PHI_DOM_Domestic - AO - Prospecting Premium Inventory - PROS,-,
170,Monks-DV360-Atomic Search Pty Ltd c/o Bupa HI Pty Ltd-10221-AU,5073132,BUPA,5590853.0,Bupa_PHI_DOM_CNV_Health Insurance_Domestic - YT - Awareness - Matures,12745776.0,AU,Bupa_FIN_Car Insurance - BAU - NEW,3485,0.02
171,Monks-DV360-Atomic Search Pty Ltd c/o Bupa HI Pty Ltd-10221-AU,5073132,BUPA,5590853.0,Bupa_PHI_DOM_CNV_Health Insurance_Domestic - YT - Awareness - Matures,12745776.0,AU,Bupa_FIN_Pet Insurance - BAU,1000,0.01
172,Monks-DV360-Atomic Search Pty Ltd c/o Bupa HI Pty Ltd-10221-AU,5073132,BUPA,5590853.0,Bupa_PHI_DOM_CNV_Health Insurance_Domestic - YT - Awareness - Matures,12745776.0,AU,Bupa_HS_Optical - 9+3 Contact Lense - Display,7434,0.04
173,Monks-DV360-Atomic Search Pty Ltd c/o Bupa HI Pty Ltd-10221-AU,5073132,BUPA,5590853.0,Bupa_PHI_DOM_CNV_Health Insurance_Domestic - YT - Awareness - Matures,12745776.0,AU,Bupa_HS_Optical - Boxing Day - Display,5878,0.03
174,Monks-DV360-Atomic Search Pty Ltd c/o Bupa HI Pty Ltd-10221-AU,5073132,BUPA,5590853.0,Bupa_PHI_DOM_CNV_Health Insurance_Domestic - YT - Awareness - Matures,12745776.0,AU,Bupa_HS_Optical - Stylist - Display,1565,0.01
175,Monks-DV360-Atomic Search Pty Ltd c/o Bupa HI Pty Ltd-10221-AU,5073132,BUPA,5590853.0,Bupa_PHI_DOM_CNV_Health Insurance_Domestic - YT - Awareness - Matures,12745776.0,AU,Bupa_HS_Optical - Stylist - Video View,5002,0.03
176,Monks-DV360-Atomic Search Pty Ltd c/o Bupa HI Pty Ltd-10221-AU,5073132,BUPA,5590853.0,Bupa_PHI_DOM_CNV_Health Insurance_Domestic - YT - Awareness - Matures,12745776.0,AU,Bupa_PHI_DOM_CNV_Health Insurance_Domestic - Demand Gen - Consideration - Broad,22733,0.13
177,Monks-DV360-Atomic Search Pty Ltd c/o Bupa HI Pty Ltd-10221-AU,5073132,BUPA,5590853.0,Bupa_PHI_DOM_CNV_Health Insurance_Domestic - YT - Awareness - Matures,12745776.0,AU,Bupa_PHI_DOM_CNV_Health Insurance_Domestic - Demand Gen - Consideration - Matures,14030,0.08
178,Monks-DV360-Atomic Search Pty Ltd c/o Bupa HI Pty Ltd-10221-AU,5073132,BUPA,5590853.0,Bupa_PHI_DOM_CNV_Health Insurance_Domestic - YT - Awareness - Matures,12745776.0,AU,Bupa_PHI_DOM_CNV_Health Insurance_Domestic - Demand Gen - Consideration - YSC,24801,0.14
179,Monks-DV360-Atomic Search Pty Ltd c/o Bupa HI Pty Ltd-10221-AU,5073132,BUPA,5590853.0,Bupa_PHI_DOM_CNV_Health Insurance_Domestic - YT - Awareness - Matures,12745776.0,AU,Bupa_PHI_DOM_CNV_Health Insurance_Domestic - YT - Awareness - Broad,15168,0.09
180,Monks-DV360-Atomic Search Pty Ltd c/o Bupa HI Pty Ltd-10221-AU,5073132,BUPA,5590853.0,Bupa_PHI_DOM_CNV_Health Insurance_Domestic - YT - Awareness - Matures,12745776.0,AU,Bupa_PHI_DOM_CNV_Health Insurance_Domestic - YT - Awareness - Matures,175092,1.0
181,Monks-DV360-Atomic Search Pty Ltd c/o Bupa HI Pty Ltd-10221-AU,5073132,BUPA,5590853.0,Bupa_PHI_DOM_CNV_Health Insurance_Domestic - YT - Awareness - Matures,12745776.0,AU,Bupa_PHI_DOM_CNV_Health Insurance_Domestic - YT - Awareness - YSC,18454,0.11
182,Monks-DV360-Atomic Search Pty Ltd c/o Bupa HI Pty Ltd-10221-AU,5073132,BUPA,5590853.0,Bupa_PHI_DOM_CNV_Health Insurance_Domestic - YT - Awareness - Matures,12745776.0,AU,Bupa_PHI_DOM_CNV_Health Insurance_Domestic - YT - Awareness VRC - Broad,8962,0.05
183,Monks-DV360-Atomic Search Pty Ltd c/o Bupa HI Pty Ltd-10221-AU,5073132,BUPA,5590853.0,Bupa_PHI_DOM_CNV_Health Insurance_Domestic - YT - Awareness - Matures,12745776.0,AU,Bupa_PHI_DOM_CNV_Health Insurance_Domestic - YT - Awareness VRC - Matures,14868,0.08
184,Monks-DV360-Atomic Search Pty Ltd c/o Bupa HI Pty Ltd-10221-AU,5073132,BUPA,5590853.0,Bupa_PHI_DOM_CNV_Health Insurance_Domestic - YT - Awareness - Matures,12745776.0,AU,Bupa_PHI_DOM_CNV_Health Insurance_Domestic - YT - Awareness VRC - YSC,12823,0.07
185,Monks-DV360-Atomic Search Pty Ltd c/o Bupa HI Pty Ltd-10221-AU,5073132,BUPA,5590853.0,Bupa_PHI_DOM_CNV_Health Insurance_Domestic - YT - Awareness - Matures,12745776.0,AU,Bupa_PHI_DOM_Domestic - AO - Custom Bidding (Basic Weightage) - PROS,-,
186,Monks-DV360-Atomic Search Pty Ltd c/o Bupa HI Pty Ltd-10221-AU,5073132,BUPA,5590853.0,Bupa_PHI_DOM_CNV_Health Insurance_Domestic - YT - Awareness - Matures,12745776.0,AU,Bupa_PHI_DOM_Domestic - AO - Prospecting Premium Inventory - PROS,-,
187,Monks-DV360-Atomic Search Pty Ltd c/o Bupa HI Pty Ltd-10221-AU,5073132,BUPA,5590853.0,Bupa_PHI_DOM_CNV_Health Insurance_Domestic - YT - Awareness - YSC,12745775.0,AU,Bupa_FIN_Car Insurance - BAU - NEW,4540,0.01
188,Monks-DV360-Atomic Search Pty Ltd c/o Bupa HI Pty Ltd-10221-AU,5073132,BUPA,5590853.0,Bupa_PHI_DOM_CNV_Health Insurance_Domestic - YT - Awareness - YSC,12745775.0,AU,Bupa_FIN_Pet Insurance - BAU,682,0.0
189,Monks-DV360-Atomic Search Pty Ltd c/o Bupa HI Pty Ltd-10221-AU,5073132,BUPA,5590853.0,Bupa_PHI_DOM_CNV_Health Insurance_Domestic - YT - Awareness - YSC,12745775.0,AU,Bupa_HS_Optical - 9+3 Contact Lense - Display,9151,0.03
190,Monks-DV360-Atomic Search Pty Ltd c/o Bupa HI Pty Ltd-10221-AU,5073132,BUPA,5590853.0,Bupa_PHI_DOM_CNV_Health Insurance_Domestic - YT - Awareness - YSC,12745775.0,AU,Bupa_HS_Optical - Boxing Day - Display,9080,0.03
191,Monks-DV360-Atomic Search Pty Ltd c/o Bupa HI Pty Ltd-10221-AU,5073132,BUPA,5590853.0,Bupa_PHI_DOM_CNV_Health Insurance_Domestic - YT - Awareness - YSC,12745775.0,AU,Bupa_HS_Optical - Stylist - Display,2467,0.01
192,Monks-DV360-Atomic Search Pty Ltd c/o Bupa HI Pty Ltd-10221-AU,5073132,BUPA,5590853.0,Bupa_PHI_DOM_CNV_Health Insurance_Domestic - YT - Awareness - YSC,12745775.0,AU,Bupa_HS_Optical - Stylist - Video View,5129,0.02
193,Monks-DV360-Atomic Search Pty Ltd c/o Bupa HI Pty Ltd-10221-AU,5073132,BUPA,5590853.0,Bupa_PHI_DOM_CNV_Health Insurance_Domestic - YT - Awareness - YSC,12745775.0,AU,Bupa_PHI_DOM_CNV_Health Insurance_Domestic - Demand Gen - Consideration - Broad,30564,0.09
194,Monks-DV360-Atomic Search Pty Ltd c/o Bupa HI Pty Ltd-10221-AU,5073132,BUPA,5590853.0,Bupa_PHI_DOM_CNV_Health Insurance_Domestic - YT - Awareness - YSC,12745775.0,AU,Bupa_PHI_DOM_CNV_Health Insurance_Domestic - Demand Gen - Consideration - Matures,18124,0.06
195,Monks-DV360-Atomic Search Pty Ltd c/o Bupa HI Pty Ltd-10221-AU,5073132,BUPA,5590853.0,Bupa_PHI_DOM_CNV_Health Insurance_Domestic - YT - Awareness - YSC,12745775.0,AU,Bupa_PHI_DOM_CNV_Health Insurance_Domestic - Demand Gen - Consideration - YSC,37745,0.11
196,Monks-DV360-Atomic Search Pty Ltd c/o Bupa HI Pty Ltd-10221-AU,5073132,BUPA,5590853.0,Bupa_PHI_DOM_CNV_Health Insurance_Domestic - YT - Awareness - YSC,12745775.0,AU,Bupa_PHI_DOM_CNV_Health Insurance_Domestic - YT - Awareness - Broad,18912,0.06
197,Monks-DV360-Atomic Search Pty Ltd c/o Bupa HI Pty Ltd-10221-AU,5073132,BUPA,5590853.0,Bupa_PHI_DOM_CNV_Health Insurance_Domestic - YT - Awareness - YSC,12745775.0,AU,Bupa_PHI_DOM_CNV_Health Insurance_Domestic - YT - Awareness - Matures,18454,0.06
198,Monks-DV360-Atomic Search Pty Ltd c/o Bupa HI Pty Ltd-10221-AU,5073132,BUPA,5590853.0,Bupa_PHI_DOM_CNV_Health Insurance_Domestic - YT - Awareness - YSC,12745775.0,AU,Bupa_PHI_DOM_CNV_Health Insurance_Domestic - YT - Awareness - YSC,329269,1.0
199,Monks-DV360-Atomic Search Pty Ltd c/o Bupa HI Pty Ltd-10221-AU,5073132,BUPA,5590853.0,Bupa_PHI_DOM_CNV_Health Insurance_Domestic - YT - Awareness - YSC,12745775.0,AU,Bupa_PHI_DOM_CNV_Health Insurance_Domestic - YT - Awareness VRC - Broad,19315,0.06
200,Monks-DV360-Atomic Search Pty Ltd c/o Bupa HI Pty Ltd-10221-AU,5073132,BUPA,5590853.0,Bupa_PHI_DOM_CNV_Health Insurance_Domestic - YT - Awareness - YSC,12745775.0,AU,Bupa_PHI_DOM_CNV_Health Insurance_Domestic - YT - Awareness VRC - Matures,17169,0.05
201,Monks-DV360-Atomic Search Pty Ltd c/o Bupa HI Pty Ltd-10221-AU,5073132,BUPA,5590853.0,Bupa_PHI_DOM_CNV_Health Insurance_Domestic - YT - Awareness - YSC,12745775.0,AU,Bupa_PHI_DOM_CNV_Health Insurance_Domestic - YT - Awareness VRC - YSC,106612,0.32
202,Monks-DV360-Atomic Search Pty Ltd c/o Bupa HI Pty Ltd-10221-AU,5073132,BUPA,5590853.0,Bupa_PHI_DOM_CNV_Health Insurance_Domestic - YT - Awareness - YSC,12745775.0,AU,Bupa_PHI_DOM_Domestic - AO - Custom Bidding (Basic Weightage) - PROS,-,
203,Monks-DV360-Atomic Search Pty Ltd c/o Bupa HI Pty Ltd-10221-AU,5073132,BUPA,5590853.0,Bupa_PHI_DOM_CNV_Health Insurance_Domestic - YT - Awareness - YSC,12745775.0,AU,Bupa_PHI_DOM_Domestic - AO - Prospecting Premium Inventory - PROS,-,
204,Monks-DV360-Atomic Search Pty Ltd c/o Bupa HI Pty Ltd-10221-AU,5073132,BUPA,5590853.0,Bupa_PHI_DOM_CNV_Health Insurance_Domestic - YT - Awareness VRC - Broad,1016675485.0,AU,Bupa_FIN_Car Insurance - BAU - NEW,5188,0.01
205,Monks-DV360-Atomic Search Pty Ltd c/o Bupa HI Pty Ltd-10221-AU,5073132,BUPA,5590853.0,Bupa_PHI_DOM_CNV_Health Insurance_Domestic - YT - Awareness VRC - Broad,1016675485.0,AU,Bupa_FIN_Pet Insurance - BAU,1085,0.0
206,Monks-DV360-Atomic Search Pty Ltd c/o Bupa HI Pty Ltd-10221-AU,5073132,BUPA,5590853.0,Bupa_PHI_DOM_CNV_Health Insurance_Domestic - YT - Awareness VRC - Broad,1016675485.0,AU,Bupa_HS_Optical - 9+3 Contact Lense - Display,13125,0.03
207,Monks-DV360-Atomic Search Pty Ltd c/o Bupa HI Pty Ltd-10221-AU,5073132,BUPA,5590853.0,Bupa_PHI_DOM_CNV_Health Insurance_Domestic - YT - Awareness VRC - Broad,1016675485.0,AU,Bupa_HS_Optical - Boxing Day - Display,13689,0.03
208,Monks-DV360-Atomic Search Pty Ltd c/o Bupa HI Pty Ltd-10221-AU,5073132,BUPA,5590853.0,Bupa_PHI_DOM_CNV_Health Insurance_Domestic - YT - Awareness VRC - Broad,1016675485.0,AU,Bupa_HS_Optical - Stylist - Display,3885,0.01
209,Monks-DV360-Atomic Search Pty Ltd c/o Bupa HI Pty Ltd-10221-AU,5073132,BUPA,5590853.0,Bupa_PHI_DOM_CNV_Health Insurance_Domestic - YT - Awareness VRC - Broad,1016675485.0,AU,Bupa_HS_Optical - Stylist - Video View,4131,0.01
210,Monks-DV360-Atomic Search Pty Ltd c/o Bupa HI Pty Ltd-10221-AU,5073132,BUPA,5590853.0,Bupa_PHI_DOM_CNV_Health Insurance_Domestic - YT - Awareness VRC - Broad,1016675485.0,AU,Bupa_PHI_DOM_CNV_Health Insurance_Domestic - Demand Gen - Consideration - Broad,24909,0.06
211,Monks-DV360-Atomic Search Pty Ltd c/o Bupa HI Pty Ltd-10221-AU,5073132,BUPA,5590853.0,Bupa_PHI_DOM_CNV_Health Insurance_Domestic - YT - Awareness VRC - Broad,1016675485.0,AU,Bupa_PHI_DOM_CNV_Health Insurance_Domestic - Demand Gen - Consideration - Matures,14499,0.03
212,Monks-DV360-Atomic Search Pty Ltd c/o Bupa HI Pty Ltd-10221-AU,5073132,BUPA,5590853.0,Bupa_PHI_DOM_CNV_Health Insurance_Domestic - YT - Awareness VRC - Broad,1016675485.0,AU,Bupa_PHI_DOM_CNV_Health Insurance_Domestic - Demand Gen - Consideration - YSC,31638,0.07
213,Monks-DV360-Atomic Search Pty Ltd c/o Bupa HI Pty Ltd-10221-AU,5073132,BUPA,5590853.0,Bupa_PHI_DOM_CNV_Health Insurance_Domestic - YT - Awareness VRC - Broad,1016675485.0,AU,Bupa_PHI_DOM_CNV_Health Insurance_Domestic - YT - Awareness - Broad,22316,0.05
214,Monks-DV360-Atomic Search Pty Ltd c/o Bupa HI Pty Ltd-10221-AU,5073132,BUPA,5590853.0,Bupa_PHI_DOM_CNV_Health Insurance_Domestic - YT - Awareness VRC - Broad,1016675485.0,AU,Bupa_PHI_DOM_CNV_Health Insurance_Domestic - YT - Awareness - Matures,8962,0.02
215,Monks-DV360-Atomic Search Pty Ltd c/o Bupa HI Pty Ltd-10221-AU,5073132,BUPA,5590853.0,Bupa_PHI_DOM_CNV_Health Insurance_Domestic - YT - Awareness VRC - Broad,1016675485.0,AU,Bupa_PHI_DOM_CNV_Health Insurance_Domestic - YT - Awareness - YSC,19315,0.04
216,Monks-DV360-Atomic Search Pty Ltd c/o Bupa HI Pty Ltd-10221-AU,5073132,BUPA,5590853.0,Bupa_PHI_DOM_CNV_Health Insurance_Domestic - YT - Awareness VRC - Broad,1016675485.0,AU,Bupa_PHI_DOM_CNV_Health Insurance_Domestic - YT - Awareness VRC - Broad,435185,1.0
217,Monks-DV360-Atomic Search Pty Ltd c/o Bupa HI Pty Ltd-10221-AU,5073132,BUPA,5590853.0,Bupa_PHI_DOM_CNV_Health Insurance_Domestic - YT - Awareness VRC - Broad,1016675485.0,AU,Bupa_PHI_DOM_CNV_Health Insurance_Domestic - YT - Awareness VRC - Matures,115941,0.27
218,Monks-DV360-Atomic Search Pty Ltd c/o Bupa HI Pty Ltd-10221-AU,5073132,BUPA,5590853.0,Bupa_PHI_DOM_CNV_Health Insurance_Domestic - YT - Awareness VRC - Broad,1016675485.0,AU,Bupa_PHI_DOM_CNV_Health Insurance_Domestic - YT - Awareness VRC - YSC,113648,0.26
219,Monks-DV360-Atomic Search Pty Ltd c/o Bupa HI Pty Ltd-10221-AU,5073132,BUPA,5590853.0,Bupa_PHI_DOM_CNV_Health Insurance_Domestic - YT - Awareness VRC - Broad,1016675485.0,AU,Bupa_PHI_DOM_Domestic - AO - Custom Bidding (Basic Weightage) - PROS,-,
220,Monks-DV360-Atomic Search Pty Ltd c/o Bupa HI Pty Ltd-10221-AU,5073132,BUPA,5590853.0,Bupa_PHI_DOM_CNV_Health Insurance_Domestic - YT - Awareness VRC - Broad,1016675485.0,AU,Bupa_PHI_DOM_Domestic - AO - Prospecting Premium Inventory - PROS,-,
221,Monks-DV360-Atomic Search Pty Ltd c/o Bupa HI Pty Ltd-10221-AU,5073132,BUPA,5590853.0,Bupa_PHI_DOM_CNV_Health Insurance_Domestic - YT - Awareness VRC - Matures,1016333621.0,AU,Bupa_FIN_Car Insurance - BAU - NEW,5835,0.01
222,Monks-DV360-Atomic Search Pty Ltd c/o Bupa HI Pty Ltd-10221-AU,5073132,BUPA,5590853.0,Bupa_PHI_DOM_CNV_Health Insurance_Domestic - YT - Awareness VRC - Matures,1016333621.0,AU,Bupa_FIN_Pet Insurance - BAU,1309,0.0
223,Monks-DV360-Atomic Search Pty Ltd c/o Bupa HI Pty Ltd-10221-AU,5073132,BUPA,5590853.0,Bupa_PHI_DOM_CNV_Health Insurance_Domestic - YT - Awareness VRC - Matures,1016333621.0,AU,Bupa_HS_Optical - 9+3 Contact Lense - Display,14441,0.03
224,Monks-DV360-Atomic Search Pty Ltd c/o Bupa HI Pty Ltd-10221-AU,5073132,BUPA,5590853.0,Bupa_PHI_DOM_CNV_Health Insurance_Domestic - YT - Awareness VRC - Matures,1016333621.0,AU,Bupa_HS_Optical - Boxing Day - Display,13773,0.03
225,Monks-DV360-Atomic Search Pty Ltd c/o Bupa HI Pty Ltd-10221-AU,5073132,BUPA,5590853.0,Bupa_PHI_DOM_CNV_Health Insurance_Domestic - YT - Awareness VRC - Matures,1016333621.0,AU,Bupa_HS_Optical - Stylist - Display,3647,0.01
226,Monks-DV360-Atomic Search Pty Ltd c/o Bupa HI Pty Ltd-10221-AU,5073132,BUPA,5590853.0,Bupa_PHI_DOM_CNV_Health Insurance_Domestic - YT - Awareness VRC - Matures,1016333621.0,AU,Bupa_HS_Optical - Stylist - Video View,4034,0.01
227,Monks-DV360-Atomic Search Pty Ltd c/o Bupa HI Pty Ltd-10221-AU,5073132,BUPA,5590853.0,Bupa_PHI_DOM_CNV_Health Insurance_Domestic - YT - Awareness VRC - Matures,1016333621.0,AU,Bupa_PHI_DOM_CNV_Health Insurance_Domestic - Demand Gen - Consideration - Broad,21862,0.05
228,Monks-DV360-Atomic Search Pty Ltd c/o Bupa HI Pty Ltd-10221-AU,5073132,BUPA,5590853.0,Bupa_PHI_DOM_CNV_Health Insurance_Domestic - YT - Awareness VRC - Matures,1016333621.0,AU,Bupa_PHI_DOM_CNV_Health Insurance_Domestic - Demand Gen - Consideration - Matures,13811,0.03
229,Monks-DV360-Atomic Search Pty Ltd c/o Bupa HI Pty Ltd-10221-AU,5073132,BUPA,5590853.0,Bupa_PHI_DOM_CNV_Health Insurance_Domestic - YT - Awareness VRC - Matures,1016333621.0,AU,Bupa_PHI_DOM_CNV_Health Insurance_Domestic - Demand Gen - Consideration - YSC,30259,0.07
230,Monks-DV360-Atomic Search Pty Ltd c/o Bupa HI Pty Ltd-10221-AU,5073132,BUPA,5590853.0,Bupa_PHI_DOM_CNV_Health Insurance_Domestic - YT - Awareness VRC - Matures,1016333621.0,AU,Bupa_PHI_DOM_CNV_Health Insurance_Domestic - YT - Awareness - Broad,14921,0.03
231,Monks-DV360-Atomic Search Pty Ltd c/o Bupa HI Pty Ltd-10221-AU,5073132,BUPA,5590853.0,Bupa_PHI_DOM_CNV_Health Insurance_Domestic - YT - Awareness VRC - Matures,1016333621.0,AU,Bupa_PHI_DOM_CNV_Health Insurance_Domestic - YT - Awareness - Matures,14868,0.03
232,Monks-DV360-Atomic Search Pty Ltd c/o Bupa HI Pty Ltd-10221-AU,5073132,BUPA,5590853.0,Bupa_PHI_DOM_CNV_Health Insurance_Domestic - YT - Awareness VRC - Matures,1016333621.0,AU,Bupa_PHI_DOM_CNV_Health Insurance_Domestic - YT - Awareness - YSC,17169,0.04
233,Monks-DV360-Atomic Search Pty Ltd c/o Bupa HI Pty Ltd-10221-AU,5073132,BUPA,5590853.0,Bupa_PHI_DOM_CNV_Health Insurance_Domestic - YT - Awareness VRC - Matures,1016333621.0,AU,Bupa_PHI_DOM_CNV_Health Insurance_Domestic - YT - Awareness VRC - Broad,115941,0.26
234,Monks-DV360-Atomic Search Pty Ltd c/o Bupa HI Pty Ltd-10221-AU,5073132,BUPA,5590853.0,Bupa_PHI_DOM_CNV_Health Insurance_Domestic - YT - Awareness VRC - Matures,1016333621.0,AU,Bupa_PHI_DOM_CNV_Health Insurance_Domestic - YT - Awareness VRC - Matures,445149,1.0
235,Monks-DV360-Atomic Search Pty Ltd c/o Bupa HI Pty Ltd-10221-AU,5073132,BUPA,5590853.0,Bupa_PHI_DOM_CNV_Health Insurance_Domestic - YT - Awareness VRC - Matures,1016333621.0,AU,Bupa_PHI_DOM_CNV_Health Insurance_Domestic - YT - Awareness VRC - YSC,109409,0.25
236,Monks-DV360-Atomic Search Pty Ltd c/o Bupa HI Pty Ltd-10221-AU,5073132,BUPA,5590853.0,Bupa_PHI_DOM_CNV_Health Insurance_Domestic - YT - Awareness VRC - Matures,1016333621.0,AU,Bupa_PHI_DOM_Domestic - AO - Custom Bidding (Basic Weightage) - PROS,-,
237,Monks-DV360-Atomic Search Pty Ltd c/o Bupa HI Pty Ltd-10221-AU,5073132,BUPA,5590853.0,Bupa_PHI_DOM_CNV_Health Insurance_Domestic - YT - Awareness VRC - Matures,1016333621.0,AU,Bupa_PHI_DOM_Domestic - AO - Prospecting Premium Inventory - PROS,-,
238,Monks-DV360-Atomic Search Pty Ltd c/o Bupa HI Pty Ltd-10221-AU,5073132,BUPA,5590853.0,Bupa_PHI_DOM_CNV_Health Insurance_Domestic - YT - Awareness VRC - YSC,1016389632.0,AU,Bupa_FIN_Car Insurance - BAU - NEW,10773,0.01
239,Monks-DV360-Atomic Search Pty Ltd c/o Bupa HI Pty Ltd-10221-AU,5073132,BUPA,5590853.0,Bupa_PHI_DOM_CNV_Health Insurance_Domestic - YT - Awareness VRC - YSC,1016389632.0,AU,Bupa_FIN_Pet Insurance - BAU,999,0.0
240,Monks-DV360-Atomic Search Pty Ltd c/o Bupa HI Pty Ltd-10221-AU,5073132,BUPA,5590853.0,Bupa_PHI_DOM_CNV_Health Insurance_Domestic - YT - Awareness VRC - YSC,1016389632.0,AU,Bupa_HS_Optical - 9+3 Contact Lense - Display,20602,0.03
241,Monks-DV360-Atomic Search Pty Ltd c/o Bupa HI Pty Ltd-10221-AU,5073132,BUPA,5590853.0,Bupa_PHI_DOM_CNV_Health Insurance_Domestic - YT - Awareness VRC - YSC,1016389632.0,AU,Bupa_HS_Optical - Boxing Day - Display,15700,0.02
242,Monks-DV360-Atomic Search Pty Ltd c/o Bupa HI Pty Ltd-10221-AU,5073132,BUPA,5590853.0,Bupa_PHI_DOM_CNV_Health Insurance_Domestic - YT - Awareness VRC - YSC,1016389632.0,AU,Bupa_HS_Optical - Stylist - Display,4771,0.01
243,Monks-DV360-Atomic Search Pty Ltd c/o Bupa HI Pty Ltd-10221-AU,5073132,BUPA,5590853.0,Bupa_PHI_DOM_CNV_Health Insurance_Domestic - YT - Awareness VRC - YSC,1016389632.0,AU,Bupa_HS_Optical - Stylist - Video View,7051,0.01
244,Monks-DV360-Atomic Search Pty Ltd c/o Bupa HI Pty Ltd-10221-AU,5073132,BUPA,5590853.0,Bupa_PHI_DOM_CNV_Health Insurance_Domestic - YT - Awareness VRC - YSC,1016389632.0,AU,Bupa_PHI_DOM_CNV_Health Insurance_Domestic - Demand Gen - Consideration - Broad,46073,0.06
245,Monks-DV360-Atomic Search Pty Ltd c/o Bupa HI Pty Ltd-10221-AU,5073132,BUPA,5590853.0,Bupa_PHI_DOM_CNV_Health Insurance_Domestic - YT - Awareness VRC - YSC,1016389632.0,AU,Bupa_PHI_DOM_CNV_Health Insurance_Domestic - Demand Gen - Consideration - Matures,25452,0.03
246,Monks-DV360-Atomic Search Pty Ltd c/o Bupa HI Pty Ltd-10221-AU,5073132,BUPA,5590853.0,Bupa_PHI_DOM_CNV_Health Insurance_Domestic - YT - Awareness VRC - YSC,1016389632.0,AU,Bupa_PHI_DOM_CNV_Health Insurance_Domestic - Demand Gen - Consideration - YSC,52787,0.07
247,Monks-DV360-Atomic Search Pty Ltd c/o Bupa HI Pty Ltd-10221-AU,5073132,BUPA,5590853.0,Bupa_PHI_DOM_CNV_Health Insurance_Domestic - YT - Awareness VRC - YSC,1016389632.0,AU,Bupa_PHI_DOM_CNV_Health Insurance_Domestic - YT - Awareness - Broad,21178,0.03
248,Monks-DV360-Atomic Search Pty Ltd c/o Bupa HI Pty Ltd-10221-AU,5073132,BUPA,5590853.0,Bupa_PHI_DOM_CNV_Health Insurance_Domestic - YT - Awareness VRC - YSC,1016389632.0,AU,Bupa_PHI_DOM_CNV_Health Insurance_Domestic - YT - Awareness - Matures,12823,0.02
249,Monks-DV360-Atomic Search Pty Ltd c/o Bupa HI Pty Ltd-10221-AU,5073132,BUPA,5590853.0,Bupa_PHI_DOM_CNV_Health Insurance_Domestic - YT - Awareness VRC - YSC,1016389632.0,AU,Bupa_PHI_DOM_CNV_Health Insurance_Domestic - YT - Awareness - YSC,106612,0.14
250,Monks-DV360-Atomic Search Pty Ltd c/o Bupa HI Pty Ltd-10221-AU,5073132,BUPA,5590853.0,Bupa_PHI_DOM_CNV_Health Insurance_Domestic - YT - Awareness VRC - YSC,1016389632.0,AU,Bupa_PHI_DOM_CNV_Health Insurance_Domestic - YT - Awareness VRC - Broad,113648,0.14
251,Monks-DV360-Atomic Search Pty Ltd c/o Bupa HI Pty Ltd-10221-AU,5073132,BUPA,5590853.0,Bupa_PHI_DOM_CNV_Health Insurance_Domestic - YT - Awareness VRC - YSC,1016389632.0,AU,Bupa_PHI_DOM_CNV_Health Insurance_Domestic - YT - Awareness VRC - Matures,109409,0.14
252,Monks-DV360-Atomic Search Pty Ltd c/o Bupa HI Pty Ltd-10221-AU,5073132,BUPA,5590853.0,Bupa_PHI_DOM_CNV_Health Insurance_Domestic - YT - Awareness VRC - YSC,1016389632.0,AU,Bupa_PHI_DOM_CNV_Health Insurance_Domestic - YT - Awareness VRC - YSC,787265,1.0
253,Monks-DV360-Atomic Search Pty Ltd c/o Bupa HI Pty Ltd-10221-AU,5073132,BUPA,5590853.0,Bupa_PHI_DOM_CNV_Health Insurance_Domestic - YT - Awareness VRC - YSC,1016389632.0,AU,Bupa_PHI_DOM_Domestic - AO - Custom Bidding (Basic Weightage) - PROS,-,
254,Monks-DV360-Atomic Search Pty Ltd c/o Bupa HI Pty Ltd-10221-AU,5073132,BUPA,5590853.0,Bupa_PHI_DOM_CNV_Health Insurance_Domestic - YT - Awareness VRC - YSC,1016389632.0,AU,Bupa_PHI_DOM_Domestic - AO - Prospecting Premium Inventory - PROS,-,
255,Monks-DV360-Atomic Search Pty Ltd c/o Bupa HI Pty Ltd-10221-AU,5073132,BUPA,5590853.0,Bupa_PHI_DOM_Domestic - AO - Custom Bidding (Basic Weightage) - PROS,1023903244.0,AU,Bupa_FIN_Car Insurance - BAU - NEW,-,
256,Monks-DV360-Atomic Search Pty Ltd c/o Bupa HI Pty Ltd-10221-AU,5073132,BUPA,5590853.0,Bupa_PHI_DOM_Domestic - AO - Custom Bidding (Basic Weightage) - PROS,1023903244.0,AU,Bupa_FIN_Pet Insurance - BAU,-,
257,Monks-DV360-Atomic Search Pty Ltd c/o Bupa HI Pty Ltd-10221-AU,5073132,BUPA,5590853.0,Bupa_PHI_DOM_Domestic - AO - Custom Bidding (Basic Weightage) - PROS,1023903244.0,AU,Bupa_HS_Optical - 9+3 Contact Lense - Display,-,
258,Monks-DV360-Atomic Search Pty Ltd c/o Bupa HI Pty Ltd-10221-AU,5073132,BUPA,5590853.0,Bupa_PHI_DOM_Domestic - AO - Custom Bidding (Basic Weightage) - PROS,1023903244.0,AU,Bupa_HS_Optical - Boxing Day - Display,-,
259,Monks-DV360-Atomic Search Pty Ltd c/o Bupa HI Pty Ltd-10221-AU,5073132,BUPA,5590853.0,Bupa_PHI_DOM_Domestic - AO - Custom Bidding (Basic Weightage) - PROS,1023903244.0,AU,Bupa_HS_Optical - Stylist - Display,-,
260,Monks-DV360-Atomic Search Pty Ltd c/o Bupa HI Pty Ltd-10221-AU,5073132,BUPA,5590853.0,Bupa_PHI_DOM_Domestic - AO - Custom Bidding (Basic Weightage) - PROS,1023903244.0,AU,Bupa_HS_Optical - Stylist - Video View,-,
261,Monks-DV360-Atomic Search Pty Ltd c/o Bupa HI Pty Ltd-10221-AU,5073132,BUPA,5590853.0,Bupa_PHI_DOM_Domestic - AO - Custom Bidding (Basic Weightage) - PROS,1023903244.0,AU,Bupa_PHI_DOM_CNV_Health Insurance_Domestic - Demand Gen - Consideration - Broad,-,
262,Monks-DV360-Atomic Search Pty Ltd c/o Bupa HI Pty Ltd-10221-AU,5073132,BUPA,5590853.0,Bupa_PHI_DOM_Domestic - AO - Custom Bidding (Basic Weightage) - PROS,1023903244.0,AU,Bupa_PHI_DOM_CNV_Health Insurance_Domestic - Demand Gen - Consideration - Matures,-,
263,Monks-DV360-Atomic Search Pty Ltd c/o Bupa HI Pty Ltd-10221-AU,5073132,BUPA,5590853.0,Bupa_PHI_DOM_Domestic - AO - Custom Bidding (Basic Weightage) - PROS,1023903244.0,AU,Bupa_PHI_DOM_CNV_Health Insurance_Domestic - Demand Gen - Consideration - YSC,-,
264,Monks-DV360-Atomic Search Pty Ltd c/o Bupa HI Pty Ltd-10221-AU,5073132,BUPA,5590853.0,Bupa_PHI_DOM_Domestic - AO - Custom Bidding (Basic Weightage) - PROS,1023903244.0,AU,Bupa_PHI_DOM_CNV_Health Insurance_Domestic - YT - Awareness - Broad,-,
265,Monks-DV360-Atomic Search Pty Ltd c/o Bupa HI Pty Ltd-10221-AU,5073132,BUPA,5590853.0,Bupa_PHI_DOM_Domestic - AO - Custom Bidding (Basic Weightage) - PROS,1023903244.0,AU,Bupa_PHI_DOM_CNV_Health Insurance_Domestic - YT - Awareness - Matures,-,
266,Monks-DV360-Atomic Search Pty Ltd c/o Bupa HI Pty Ltd-10221-AU,5073132,BUPA,5590853.0,Bupa_PHI_DOM_Domestic - AO - Custom Bidding (Basic Weightage) - PROS,1023903244.0,AU,Bupa_PHI_DOM_CNV_Health Insurance_Domestic - YT - Awareness - YSC,-,
267,Monks-DV360-Atomic Search Pty Ltd c/o Bupa HI Pty Ltd-10221-AU,5073132,BUPA,5590853.0,Bupa_PHI_DOM_Domestic - AO - Custom Bidding (Basic Weightage) - PROS,1023903244.0,AU,Bupa_PHI_DOM_CNV_Health Insurance_Domestic - YT - Awareness VRC - Broad,-,
268,Monks-DV360-Atomic Search Pty Ltd c/o Bupa HI Pty Ltd-10221-AU,5073132,BUPA,5590853.0,Bupa_PHI_DOM_Domestic - AO - Custom Bidding (Basic Weightage) - PROS,1023903244.0,AU,Bupa_PHI_DOM_CNV_Health Insurance_Domestic - YT - Awareness VRC - Matures,-,
269,Monks-DV360-Atomic Search Pty Ltd c/o Bupa HI Pty Ltd-10221-AU,5073132,BUPA,5590853.0,Bupa_PHI_DOM_Domestic - AO - Custom Bidding (Basic Weightage) - PROS,1023903244.0,AU,Bupa_PHI_DOM_CNV_Health Insurance_Domestic - YT - Awareness VRC - YSC,-,
270,Monks-DV360-Atomic Search Pty Ltd c/o Bupa HI Pty Ltd-10221-AU,5073132,BUPA,5590853.0,Bupa_PHI_DOM_Domestic - AO - Custom Bidding (Basic Weightage) - PROS,1023903244.0,AU,Bupa_PHI_DOM_Domestic - AO - Custom Bidding (Basic Weightage) - PROS,-,
271,Monks-DV360-Atomic Search Pty Ltd c/o Bupa HI Pty Ltd-10221-AU,5073132,BUPA,5590853.0,Bupa_PHI_DOM_Domestic - AO - Custom Bidding (Basic Weightage) - PROS,1023903244.0,AU,Bupa_PHI_DOM_Domestic - AO - Prospecting Premium Inventory - PROS,-,
272,Monks-DV360-Atomic Search Pty Ltd c/o Bupa HI Pty Ltd-10221-AU,5073132,BUPA,5590853.0,Bupa_PHI_DOM_Domestic - AO - Prospecting Premium Inventory - PROS,1023903232.0,AU,Bupa_FIN_Car Insurance - BAU - NEW,-,
273,Monks-DV360-Atomic Search Pty Ltd c/o Bupa HI Pty Ltd-10221-AU,5073132,BUPA,5590853.0,Bupa_PHI_DOM_Domestic - AO - Prospecting Premium Inventory - PROS,1023903232.0,AU,Bupa_FIN_Pet Insurance - BAU,-,
274,Monks-DV360-Atomic Search Pty Ltd c/o Bupa HI Pty Ltd-10221-AU,5073132,BUPA,5590853.0,Bupa_PHI_DOM_Domestic - AO - Prospecting Premium Inventory - PROS,1023903232.0,AU,Bupa_HS_Optical - 9+3 Contact Lense - Display,-,
275,Monks-DV360-Atomic Search Pty Ltd c/o Bupa HI Pty Ltd-10221-AU,5073132,BUPA,5590853.0,Bupa_PHI_DOM_Domestic - AO - Prospecting Premium Inventory - PROS,1023903232.0,AU,Bupa_HS_Optical - Boxing Day - Display,-,
276,Monks-DV360-Atomic Search Pty Ltd c/o Bupa HI Pty Ltd-10221-AU,5073132,BUPA,5590853.0,Bupa_PHI_DOM_Domestic - AO - Prospecting Premium Inventory - PROS,1023903232.0,AU,Bupa_HS_Optical - Stylist - Display,-,
277,Monks-DV360-Atomic Search Pty Ltd c/o Bupa HI Pty Ltd-10221-AU,5073132,BUPA,5590853.0,Bupa_PHI_DOM_Domestic - AO - Prospecting Premium Inventory - PROS,1023903232.0,AU,Bupa_HS_Optical - Stylist - Video View,-,
278,Monks-DV360-Atomic Search Pty Ltd c/o Bupa HI Pty Ltd-10221-AU,5073132,BUPA,5590853.0,Bupa_PHI_DOM_Domestic - AO - Prospecting Premium Inventory - PROS,1023903232.0,AU,Bupa_PHI_DOM_CNV_Health Insurance_Domestic - Demand Gen - Consideration - Broad,-,
279,Monks-DV360-Atomic Search Pty Ltd c/o Bupa HI Pty Ltd-10221-AU,5073132,BUPA,5590853.0,Bupa_PHI_DOM_Domestic - AO - Prospecting Premium Inventory - PROS,1023903232.0,AU,Bupa_PHI_DOM_CNV_Health Insurance_Domestic - Demand Gen - Consideration - Matures,-,
280,Monks-DV360-Atomic Search Pty Ltd c/o Bupa HI Pty Ltd-10221-AU,5073132,BUPA,5590853.0,Bupa_PHI_DOM_Domestic - AO - Prospecting Premium Inventory - PROS,1023903232.0,AU,Bupa_PHI_DOM_CNV_Health Insurance_Domestic - Demand Gen - Consideration - YSC,-,
281,Monks-DV360-Atomic Search Pty Ltd c/o Bupa HI Pty Ltd-10221-AU,5073132,BUPA,5590853.0,Bupa_PHI_DOM_Domestic - AO - Prospecting Premium Inventory - PROS,1023903232.0,AU,Bupa_PHI_DOM_CNV_Health Insurance_Domestic - YT - Awareness - Broad,-,
282,Monks-DV360-Atomic Search Pty Ltd c/o Bupa HI Pty Ltd-10221-AU,5073132,BUPA,5590853.0,Bupa_PHI_DOM_Domestic - AO - Prospecting Premium Inventory - PROS,1023903232.0,AU,Bupa_PHI_DOM_CNV_Health Insurance_Domestic - YT - Awareness - Matures,-,
283,Monks-DV360-Atomic Search Pty Ltd c/o Bupa HI Pty Ltd-10221-AU,5073132,BUPA,5590853.0,Bupa_PHI_DOM_Domestic - AO - Prospecting Premium Inventory - PROS,1023903232.0,AU,Bupa_PHI_DOM_CNV_Health Insurance_Domestic - YT - Awareness - YSC,-,
284,Monks-DV360-Atomic Search Pty Ltd c/o Bupa HI Pty Ltd-10221-AU,5073132,BUPA,5590853.0,Bupa_PHI_DOM_Domestic - AO - Prospecting Premium Inventory - PROS,1023903232.0,AU,Bupa_PHI_DOM_CNV_Health Insurance_Domestic - YT - Awareness VRC - Broad,-,
285,Monks-DV360-Atomic Search Pty Ltd c/o Bupa HI Pty Ltd-10221-AU,5073132,BUPA,5590853.0,Bupa_PHI_DOM_Domestic - AO - Prospecting Premium Inventory - PROS,1023903232.0,AU,Bupa_PHI_DOM_CNV_Health Insurance_Domestic - YT - Awareness VRC - Matures,-,
286,Monks-DV360-Atomic Search Pty Ltd c/o Bupa HI Pty Ltd-10221-AU,5073132,BUPA,5590853.0,Bupa_PHI_DOM_Domestic - AO - Prospecting Premium Inventory - PROS,1023903232.0,AU,Bupa_PHI_DOM_CNV_Health Insurance_Domestic - YT - Awareness VRC - YSC,-,
287,Monks-DV360-Atomic Search Pty Ltd c/o Bupa HI Pty Ltd-10221-AU,5073132,BUPA,5590853.0,Bupa_PHI_DOM_Domestic - AO - Prospecting Premium Inventory - PROS,1023903232.0,AU,Bupa_PHI_DOM_Domestic - AO - Custom Bidding (Basic Weightage) - PROS,-,
288,Monks-DV360-Atomic Search Pty Ltd c/o Bupa HI Pty Ltd-10221-AU,5073132,BUPA,5590853.0,Bupa_PHI_DOM_Domestic - AO - Prospecting Premium Inventory - PROS,1023903232.0,AU,Bupa_PHI_DOM_Domestic - AO - Prospecting Premium Inventory - PROS,-,
289,Report Time:,2026/01/14 05:37 GMT,,,,,,,,
290,Date Range:,2026/01/05 to 2026/01/11,,,,,,,,
291,Group By:,Partner,,,,,,,,
292,Group By:,Partner ID,,,,,,,,
293,Group By:,Advertiser,,,,,,,,
294,Group By:,Advertiser ID,,,,,,,,
295,Group By:,Insertion Order,,,,,,,,
296,Group By:,Insertion Order ID,,,,,,,,
297,Group By:,Country,,,,,,,,
298,Group By:,Other Insertion Order,,,,,,,,
299,MRC Accredited Metrics,Active View metrics are accredited only when Measurement Source = Measured,,,,,,,,
300,"Reporting numbers from the previous month are finalized (for billing purposes) on the first of each month, unless communicated otherwise. Some numbers in reports may fluctuate for up to seven days before matching billing numbers.",,,,,,,,,
301,This report contains Unique Reach (Lower Certainty) numbers.,,,,,,,,,
302,A dash (-) in the report means that reach couldn't be calculated for that row because it didn't meet our data needs (either impression volume or cookie availability) or it fell below our privacy requirements. Learn more: https://support.google.com/displayvideo/answer/6170584#limitations,,,,,,,,,
303,Filter by Advertiser ID:,BUPA (5590853),,,,,,,,
304,Filter by Country:,AU,,,,,,,,
305,Filter by Partner ID:,5073132,,,,,,,,
